post_id,published_date,platform,topic,content_type,text,sentiment_score,sentiment_label,reach,likes,comments,shares,saves,engagement_rate
1,2026-05-14,Facebook,small business,carousel,confusing user journey for small business #smallbusiness,-1,Negative,1150,57,22,16,11,9.22
2,2026-07-22,TikTok,ecommerce,text,fast mobile money growth for ecommerce #ecommerce,2,Positive,1426,121,6,18,20,11.57
3,2026-09-11,Instagram,personal finance,video,new campaign update for personal finance #personalfinance,0,Neutral,1479,87,30,35,11,11.02
4,2026-08-28,TikTok,small business,text,product feature overview for small business #smallbusiness,0,Neutral,1216,33,17,6,12,5.59
5,2026-01-20,Instagram,data analytics,text,clear financial education for data analytics #dataanalytics,1,Positive,1193,60,18,9,21,9.05
6,2026-09-08,LinkedIn,fintech,carousel,clear financial education for fintech #fintech,1,Positive,1263,44,15,27,19,8.31
7,2026-02-04,Instagram,fintech,short,simple dashboard insights for fintech #fintech,1,Positive,2024,118,27,34,5,9.09
8,2026-07-20,Facebook,fintech,text,slow support problem for fintech #fintech,-2,Negative,422,17,8,3,7,8.29
9,2026-05-28,TikTok,marketing,text,clear financial education for marketing #marketing,1,Positive,1268,38,23,6,15,6.47
10,2026-02-22,LinkedIn,personal finance,video,brand awareness post for personal finance #personalfinance,0,Neutral,1289,67,24,35,14,10.86
11,2026-06-11,Facebook,small business,carousel,brand awareness post for small business #smallbusiness,0,Neutral,1019,51,14,18,16,9.72
12,2026-02-06,Facebook,data analytics,video,simple dashboard insights for data analytics #dataanalytics,1,Positive,1279,78,27,10,8,9.62
13,2026-04-27,TikTok,fintech,text,slow support problem for fintech #fintech,-2,Negative,848,62,3,2,12,9.32
14,2026-03-12,Facebook,mobile money,video,fast mobile money growth for mobile money #mobilemoney,2,Positive,1387,84,15,29,18,10.53
15,2026-05-26,Facebook,fintech,video,fast mobile money growth for fintech #fintech,2,Positive,1403,122,18,38,7,13.19
16,2026-05-31,Facebook,data analytics,text,new campaign update for data analytics #dataanalytics,0,Neutral,682,60,9,6,7,12.02
17,2026-02-14,Instagram,ecommerce,text,smart data analytics for ecommerce #ecommerce,1,Positive,953,61,10,13,5,9.34
18,2026-04-01,Instagram,data analytics,image,weak engagement result for data analytics #dataanalytics,-1,Negative,1015,27,18,12,3,5.91
19,2026-02-03,X,personal finance,text,simple dashboard insights for personal finance #personalfinance,1,Positive,482,42,6,3,5,11.62
20,2026-04-22,X,data analytics,short,smart data analytics for data analytics #dataanalytics,1,Positive,1095,77,13,23,10,11.23
21,2026-02-18,LinkedIn,fintech,video,smart data analytics for fintech #fintech,1,Positive,1473,95,6,38,10,10.12
22,2026-04-08,TikTok,ecommerce,carousel,smart data analytics for ecommerce #ecommerce,1,Positive,2643,160,51,42,36,10.93
23,2026-03-11,Instagram,data analytics,image,product feature overview for data analytics #dataanalytics,0,Neutral,1389,36,10,14,4,4.61
24,2026-07-29,Instagram,fintech,image,customer feedback summary for fintech #fintech,0,Neutral,1088,91,15,19,11,12.5
25,2026-07-01,X,fintech,text,simple dashboard insights for fintech #fintech,1,Positive,747,76,11,9,1,12.99
26,2026-08-09,Facebook,small business,video,product feature overview for small business #smallbusiness,0,Neutral,987,87,12,14,5,11.96
27,2026-08-01,TikTok,ecommerce,video,clear financial education for ecommerce #ecommerce,1,Positive,2482,166,26,67,29,11.6
28,2026-02-07,LinkedIn,fintech,image,simple dashboard insights for fintech #fintech,1,Positive,865,37,5,5,11,6.71
29,2026-09-04,X,personal finance,video,smart data analytics for personal finance #personalfinance,1,Positive,1172,123,25,8,13,14.42
30,2026-04-17,Facebook,mobile money,video,simple dashboard insights for mobile money #mobilemoney,1,Positive,1470,112,26,30,6,11.84
31,2026-02-10,Facebook,personal finance,short,simple dashboard insights for personal finance #personalfinance,1,Positive,1123,48,23,13,13,8.64
32,2026-08-26,X,small business,video,weak engagement result for small business #smallbusiness,-1,Negative,765,48,10,15,9,10.72
33,2026-01-14,X,marketing,carousel,new campaign update for marketing #marketing,0,Neutral,670,60,3,11,8,12.24
34,2026-02-14,Instagram,mobile money,video,smart data analytics for mobile money #mobilemoney,1,Positive,2127,155,22,45,36,12.13
35,2026-04-17,X,small business,short,customer feedback summary for small business #smallbusiness,0,Neutral,1201,89,4,11,14,9.83
36,2026-02-23,LinkedIn,marketing,short,new campaign update for marketing #marketing,0,Neutral,1182,35,15,28,20,8.29
37,2026-06-02,Facebook,marketing,short,product feature overview for marketing #marketing,0,Neutral,1380,120,18,18,6,11.74
38,2026-05-31,Instagram,personal finance,image,slow support problem for personal finance #personalfinance,-2,Negative,1055,43,17,3,15,7.39
39,2026-03-08,LinkedIn,fintech,carousel,expensive campaign loss for fintech #fintech,-2,Negative,939,34,19,10,16,8.41
40,2026-01-26,Instagram,ecommerce,carousel,new campaign update for ecommerce #ecommerce,0,Neutral,1594,59,34,33,18,9.03
41,2026-06-12,X,mobile money,video,simple dashboard insights for mobile money #mobilemoney,1,Positive,1235,86,22,27,11,11.82
42,2026-05-02,LinkedIn,ecommerce,image,fast mobile money growth for ecommerce #ecommerce,2,Positive,1047,76,22,12,6,11.08
43,2026-02-24,Instagram,small business,text,clear financial education for small business #smallbusiness,1,Positive,1260,48,14,17,21,7.94
44,2026-08-10,LinkedIn,fintech,text,product feature overview for fintech #fintech,0,Neutral,564,16,11,8,3,6.74
45,2026-03-18,Instagram,data analytics,carousel,simple dashboard insights for data analytics #dataanalytics,1,Positive,1576,129,20,12,6,10.6
46,2026-02-27,X,mobile money,video,product feature overview for mobile money #mobilemoney,0,Neutral,981,63,14,21,13,11.31
47,2026-07-05,Instagram,marketing,image,weak engagement result for marketing #marketing,-1,Negative,1003,53,12,16,15,9.57
48,2026-05-24,TikTok,marketing,video,simple dashboard insights for marketing #marketing,1,Positive,2984,117,23,72,36,8.31
49,2026-01-27,LinkedIn,ecommerce,short,slow support problem for ecommerce #ecommerce,-2,Negative,1044,64,20,19,15,11.3
50,2026-08-22,Instagram,data analytics,image,confusing user journey for data analytics #dataanalytics,-1,Negative,1066,78,21,17,9,11.73
51,2026-07-24,Facebook,fintech,image,brand awareness post for fintech #fintech,0,Neutral,928,55,15,13,11,10.13
52,2026-03-16,X,data analytics,video,fast mobile money growth for data analytics #dataanalytics,2,Positive,1166,91,11,10,10,10.46
53,2026-06-02,LinkedIn,personal finance,short,confusing user journey for personal finance #personalfinance,-1,Negative,1169,59,19,27,7,9.58
54,2026-02-24,Instagram,personal finance,image,smart data analytics for personal finance #personalfinance,1,Positive,1535,125,19,12,16,11.21
55,2026-07-24,X,fintech,carousel,clear financial education for fintech #fintech,1,Positive,871,26,15,3,4,5.51
56,2026-02-09,X,personal finance,image,simple dashboard insights for personal finance #personalfinance,1,Positive,720,64,9,8,10,12.64
57,2026-03-24,X,personal finance,text,brand awareness post for personal finance #personalfinance,0,Neutral,609,43,12,8,6,11.33
58,2026-07-21,LinkedIn,personal finance,short,weak engagement result for personal finance #personalfinance,-1,Negative,1047,63,20,15,17,10.98
59,2026-08-24,TikTok,data analytics,video,risky payment delay for data analytics #dataanalytics,-1,Negative,1875,98,36,25,16,9.33
60,2026-01-11,Facebook,mobile money,image,weekly market note for mobile money #mobilemoney,0,Neutral,734,36,8,3,2,6.68
61,2026-03-09,TikTok,ecommerce,carousel,trusted customer service for ecommerce #ecommerce,1,Positive,2137,146,16,39,7,9.73
62,2026-08-23,LinkedIn,ecommerce,text,weak engagement result for ecommerce #ecommerce,-1,Negative,410,24,2,5,0,7.56
63,2026-03-27,Facebook,personal finance,short,weekly market note for personal finance #personalfinance,0,Neutral,1314,85,16,26,11,10.5
64,2026-07-19,LinkedIn,fintech,video,trusted customer service for fintech #fintech,1,Positive,1491,146,18,23,15,13.55
65,2026-01-07,Facebook,personal finance,carousel,slow support problem for personal finance #personalfinance,-2,Negative,460,13,5,5,4,5.87
66,2026-04-10,Facebook,marketing,video,product feature overview for marketing #marketing,0,Neutral,1481,82,9,6,22,8.04
67,2026-07-22,Instagram,marketing,text,expensive campaign loss for marketing #marketing,-2,Negative,884,25,11,2,11,5.54
68,2026-08-18,X,personal finance,text,new campaign update for personal finance #personalfinance,0,Neutral,535,45,6,2,4,10.65
69,2026-08-24,X,data analytics,carousel,clear financial education for data analytics #dataanalytics,1,Positive,882,40,13,9,3,7.37
70,2026-03-23,Instagram,small business,video,fast mobile money growth for small business #smallbusiness,2,Positive,2070,139,9,41,6,9.42
71,2026-04-05,X,personal finance,carousel,smart data analytics for personal finance #personalfinance,1,Positive,1016,33,23,8,10,7.28
72,2026-06-04,TikTok,ecommerce,carousel,weak engagement result for ecommerce #ecommerce,-1,Negative,1667,65,8,11,22,6.36
73,2026-06-25,Facebook,ecommerce,video,weekly market note for ecommerce #ecommerce,0,Neutral,1086,87,14,13,12,11.6
74,2026-01-23,Instagram,small business,short,product feature overview for small business #smallbusiness,0,Neutral,1626,137,39,23,22,13.59
75,2026-06-04,LinkedIn,personal finance,image,smart data analytics for personal finance #personalfinance,1,Positive,834,70,15,14,11,13.19
76,2026-07-05,TikTok,small business,carousel,fast mobile money growth for small business #smallbusiness,2,Positive,2175,117,23,49,18,9.52
77,2026-03-11,X,fintech,short,weak engagement result for fintech #fintech,-1,Negative,595,21,6,9,10,7.73
78,2026-01-05,LinkedIn,mobile money,short,trusted customer service for mobile money #mobilemoney,1,Positive,1548,81,17,15,20,8.59
79,2026-08-16,X,ecommerce,short,clear financial education for ecommerce #ecommerce,1,Positive,1157,61,13,25,14,9.77
80,2026-09-03,Facebook,marketing,carousel,expensive campaign loss for marketing #marketing,-2,Negative,863,40,11,4,3,6.72
81,2026-08-17,X,data analytics,carousel,trusted customer service for data analytics #dataanalytics,1,Positive,669,67,9,8,9,13.9
82,2026-01-15,X,fintech,video,clear financial education for fintech #fintech,1,Positive,1186,60,24,25,6,9.7
83,2026-05-01,TikTok,marketing,carousel,clear financial education for marketing #marketing,1,Positive,2385,133,24,52,14,9.35
84,2026-05-11,TikTok,ecommerce,carousel,fast mobile money growth for ecommerce #ecommerce,2,Positive,2311,104,11,13,38,7.18
85,2026-06-24,LinkedIn,marketing,image,fast mobile money growth for marketing #marketing,2,Positive,1084,98,16,17,6,12.64
86,2026-03-19,X,data analytics,short,brand awareness post for data analytics #dataanalytics,0,Neutral,1110,98,9,23,5,12.16
87,2026-02-24,LinkedIn,marketing,short,new campaign update for marketing #marketing,0,Neutral,1033,54,8,11,4,7.45
88,2026-04-18,TikTok,personal finance,text,confusing user journey for personal finance #personalfinance,-1,Negative,1382,65,28,10,13,8.39
89,2026-08-15,Facebook,small business,text,trusted customer service for small business #smallbusiness,1,Positive,1002,51,24,11,6,9.18
90,2026-06-30,Instagram,marketing,short,trusted customer service for marketing #marketing,1,Positive,2506,239,38,53,38,14.68
91,2026-03-28,Instagram,marketing,image,expensive campaign loss for marketing #marketing,-2,Negative,1016,63,24,15,13,11.32
92,2026-04-28,Instagram,personal finance,short,simple dashboard insights for personal finance #personalfinance,1,Positive,2173,224,24,48,8,13.99
93,2026-08-28,Facebook,fintech,text,fast mobile money growth for fintech #fintech,2,Positive,695,22,10,7,11,7.19
94,2026-07-09,TikTok,personal finance,carousel,customer feedback summary for personal finance #personalfinance,0,Neutral,2066,151,39,31,27,12.0
95,2026-09-02,TikTok,data analytics,text,new campaign update for data analytics #dataanalytics,0,Neutral,1115,100,15,15,12,12.74
96,2026-01-26,Instagram,fintech,image,slow support problem for fintech #fintech,-2,Negative,1066,66,11,13,16,9.94
97,2026-07-26,Instagram,ecommerce,short,smart data analytics for ecommerce #ecommerce,1,Positive,2446,252,39,29,14,13.65
98,2026-06-23,X,data analytics,image,fast mobile money growth for data analytics #dataanalytics,2,Positive,999,86,20,13,12,13.11
99,2026-06-21,Instagram,personal finance,text,clear financial education for personal finance #personalfinance,1,Positive,856,68,12,3,2,9.93
100,2026-03-08,X,mobile money,short,fast mobile money growth for mobile money #mobilemoney,2,Positive,637,54,11,2,4,11.15
101,2026-04-11,X,data analytics,image,simple dashboard insights for data analytics #dataanalytics,1,Positive,859,34,17,7,8,7.68
102,2026-03-01,TikTok,fintech,video,clear financial education for fintech #fintech,1,Positive,2405,139,43,19,16,9.02
103,2026-07-28,X,small business,image,weekly market note for small business #smallbusiness,0,Neutral,821,68,3,14,6,11.08
104,2026-08-20,Instagram,data analytics,carousel,product feature overview for data analytics #dataanalytics,0,Neutral,1631,107,26,13,9,9.5
105,2026-07-08,X,small business,short,simple dashboard insights for small business #smallbusiness,1,Positive,1027,72,17,17,4,10.71
106,2026-07-03,TikTok,fintech,carousel,brand awareness post for fintech #fintech,0,Neutral,2087,80,23,7,8,5.65
107,2026-08-25,LinkedIn,personal finance,short,smart data analytics for personal finance #personalfinance,1,Positive,1303,100,28,8,15,11.59
108,2026-08-17,X,small business,short,expensive campaign loss for small business #smallbusiness,-2,Negative,610,23,6,12,2,7.05
109,2026-06-27,X,ecommerce,carousel,brand awareness post for ecommerce #ecommerce,0,Neutral,1139,64,26,17,19,11.06
110,2026-02-28,LinkedIn,marketing,video,slow support problem for marketing #marketing,-2,Negative,1007,21,17,24,8,6.95
111,2026-07-19,Instagram,personal finance,video,new campaign update for personal finance #personalfinance,0,Neutral,1992,82,47,31,8,8.43
112,2026-08-07,X,personal finance,short,slow support problem for personal finance #personalfinance,-2,Negative,753,30,4,9,11,7.17
113,2026-03-11,X,small business,short,expensive campaign loss for small business #smallbusiness,-2,Negative,1148,64,15,8,17,9.06
114,2026-07-31,Instagram,personal finance,video,slow support problem for personal finance #personalfinance,-2,Negative,1506,51,23,10,4,5.84
115,2026-08-01,X,marketing,short,clear financial education for marketing #marketing,1,Positive,1107,42,13,9,9,6.59
116,2026-03-31,X,fintech,short,fast mobile money growth for fintech #fintech,2,Positive,952,57,12,4,4,8.09
117,2026-07-29,Instagram,ecommerce,carousel,risky payment delay for ecommerce #ecommerce,-1,Negative,1152,23,25,15,3,5.73
118,2026-08-18,Facebook,mobile money,text,slow support problem for mobile money #mobilemoney,-2,Negative,518,19,2,5,2,5.41
119,2026-09-16,Facebook,personal finance,short,clear financial education for personal finance #personalfinance,1,Positive,1436,57,28,38,16,9.68
120,2026-03-09,X,marketing,short,customer feedback summary for marketing #marketing,0,Neutral,1110,66,16,15,5,9.19
121,2026-08-24,Facebook,data analytics,video,simple dashboard insights for data analytics #dataanalytics,1,Positive,1157,79,26,29,7,12.19
122,2026-06-06,LinkedIn,ecommerce,short,slow support problem for ecommerce #ecommerce,-2,Negative,1277,58,10,19,6,7.28
123,2026-04-19,LinkedIn,data analytics,text,smart data analytics for data analytics #dataanalytics,1,Positive,842,59,16,9,9,11.05
124,2026-06-06,LinkedIn,small business,carousel,weekly market note for small business #smallbusiness,0,Neutral,1338,106,25,9,6,10.91
125,2026-01-11,LinkedIn,mobile money,image,weak engagement result for mobile money #mobilemoney,-1,Negative,813,57,6,7,13,10.21
126,2026-04-10,X,small business,image,smart data analytics for small business #smallbusiness,1,Positive,1327,139,15,17,11,13.72
127,2026-03-09,TikTok,marketing,text,weekly market note for marketing #marketing,0,Neutral,1307,76,16,15,8,8.8
128,2026-02-15,X,small business,video,trusted customer service for small business #smallbusiness,1,Positive,1544,129,28,43,26,14.64
129,2026-04-09,X,marketing,image,customer feedback summary for marketing #marketing,0,Neutral,687,43,8,10,1,9.02
130,2026-01-28,TikTok,fintech,short,trusted customer service for fintech #fintech,1,Positive,2354,81,29,55,40,8.71
131,2026-06-28,Instagram,fintech,video,fast mobile money growth for fintech #fintech,2,Positive,2282,96,10,38,37,7.93
132,2026-01-24,X,marketing,image,clear financial education for marketing #marketing,1,Positive,1143,115,10,22,6,13.39
133,2026-08-03,X,small business,video,fast mobile money growth for small business #smallbusiness,2,Positive,901,92,16,16,2,13.98
134,2026-05-07,X,small business,image,trusted customer service for small business #smallbusiness,1,Positive,905,86,10,3,7,11.71
135,2026-01-31,X,mobile money,image,product feature overview for mobile money #mobilemoney,0,Neutral,745,37,6,12,6,8.19
136,2026-04-10,LinkedIn,ecommerce,text,customer feedback summary for ecommerce #ecommerce,0,Neutral,437,15,7,3,5,6.86
137,2026-07-03,TikTok,small business,video,slow support problem for small business #smallbusiness,-2,Negative,1884,42,29,41,13,6.63
138,2026-04-24,Instagram,personal finance,text,trusted customer service for personal finance #personalfinance,1,Positive,1189,62,28,9,12,9.34
139,2026-03-01,TikTok,ecommerce,image,brand awareness post for ecommerce #ecommerce,0,Neutral,1531,84,8,8,22,7.97
140,2026-06-30,Facebook,fintech,video,weekly market note for fintech #fintech,0,Neutral,1484,89,24,33,15,10.85
141,2026-01-11,LinkedIn,small business,carousel,weak engagement result for small business #smallbusiness,-1,Negative,915,28,16,13,11,7.43
142,2026-01-08,Instagram,fintech,carousel,weekly market note for fintech #fintech,0,Neutral,1793,56,18,28,30,7.36
143,2026-09-10,LinkedIn,mobile money,carousel,confusing user journey for mobile money #mobilemoney,-1,Negative,749,46,12,17,6,10.81
144,2026-04-21,X,mobile money,text,simple dashboard insights for mobile money #mobilemoney,1,Positive,390,31,3,3,3,10.26
145,2026-05-12,TikTok,small business,image,customer feedback summary for small business #smallbusiness,0,Neutral,1499,83,7,21,18,8.61
146,2026-01-15,TikTok,ecommerce,carousel,simple dashboard insights for ecommerce #ecommerce,1,Positive,2463,191,56,38,20,12.38
147,2026-02-17,TikTok,data analytics,text,clear financial education for data analytics #dataanalytics,1,Positive,1476,78,24,3,20,8.47
148,2026-01-26,TikTok,data analytics,image,simple dashboard insights for data analytics #dataanalytics,1,Positive,2199,185,30,35,38,13.1
149,2026-05-22,Instagram,personal finance,image,simple dashboard insights for personal finance #personalfinance,1,Positive,1710,76,20,11,9,6.78
150,2026-06-15,LinkedIn,marketing,short,weekly market note for marketing #marketing,0,Neutral,1406,45,20,32,19,8.25
151,2026-08-16,X,marketing,short,brand awareness post for marketing #marketing,0,Neutral,820,52,18,8,11,10.85
152,2026-07-21,Instagram,small business,carousel,clear financial education for small business #smallbusiness,1,Positive,1696,143,6,8,15,10.14
153,2026-05-30,X,fintech,carousel,weekly market note for fintech #fintech,0,Neutral,881,70,9,17,2,11.12
154,2026-04-30,TikTok,mobile money,text,weekly market note for mobile money #mobilemoney,0,Neutral,1330,118,6,15,21,12.03
155,2026-01-01,TikTok,data analytics,video,confusing user journey for data analytics #dataanalytics,-1,Negative,1990,132,31,57,35,12.81
156,2026-06-05,Facebook,marketing,carousel,customer feedback summary for marketing #marketing,0,Neutral,800,28,16,15,12,8.88
157,2026-06-08,Facebook,marketing,video,weekly market note for marketing #marketing,0,Neutral,1122,100,5,10,13,11.41
158,2026-08-21,TikTok,personal finance,carousel,risky payment delay for personal finance #personalfinance,-1,Negative,1533,106,14,12,14,9.52
159,2026-07-09,Instagram,fintech,text,product feature overview for fintech #fintech,0,Neutral,691,23,11,9,8,7.38
160,2026-03-06,Instagram,ecommerce,short,weekly market note for ecommerce #ecommerce,0,Neutral,1941,80,43,21,30,8.96
161,2026-04-02,LinkedIn,small business,short,brand awareness post for small business #smallbusiness,0,Neutral,1328,42,14,25,6,6.55
162,2026-01-22,Instagram,ecommerce,image,confusing user journey for ecommerce #ecommerce,-1,Negative,1158,49,22,14,14,8.55
163,2026-01-04,TikTok,data analytics,video,trusted customer service for data analytics #dataanalytics,1,Positive,2937,258,46,70,46,14.3
164,2026-06-07,X,data analytics,carousel,smart data analytics for data analytics #dataanalytics,1,Positive,1007,67,20,10,16,11.22
165,2026-07-09,TikTok,fintech,carousel,brand awareness post for fintech #fintech,0,Neutral,1755,150,33,24,30,13.5
166,2026-04-24,Instagram,ecommerce,carousel,risky payment delay for ecommerce #ecommerce,-1,Negative,1513,94,29,30,19,11.37
167,2026-04-19,TikTok,ecommerce,text,brand awareness post for ecommerce #ecommerce,0,Neutral,1321,93,24,8,21,11.05
168,2026-06-05,X,marketing,video,trusted customer service for marketing #marketing,1,Positive,920,57,4,19,2,8.91
169,2026-04-29,Instagram,personal finance,carousel,weekly market note for personal finance #personalfinance,0,Neutral,1734,96,40,38,7,10.44
170,2026-06-17,LinkedIn,ecommerce,carousel,fast mobile money growth for ecommerce #ecommerce,2,Positive,1110,47,12,18,15,8.29
171,2026-07-12,LinkedIn,mobile money,image,clear financial education for mobile money #mobilemoney,1,Positive,1044,45,6,6,8,6.23
172,2026-06-26,X,ecommerce,carousel,fast mobile money growth for ecommerce #ecommerce,2,Positive,1298,124,23,30,19,15.1
173,2026-07-05,TikTok,ecommerce,short,simple dashboard insights for ecommerce #ecommerce,1,Positive,2703,234,49,29,39,12.99
174,2026-05-25,LinkedIn,personal finance,short,clear financial education for personal finance #personalfinance,1,Positive,1457,101,30,8,22,11.05
175,2026-02-27,TikTok,personal finance,text,clear financial education for personal finance #personalfinance,1,Positive,1403,59,25,8,13,7.48
176,2026-09-05,Facebook,ecommerce,video,weekly market note for ecommerce #ecommerce,0,Neutral,1461,72,21,42,20,10.61
177,2026-04-01,Instagram,fintech,text,product feature overview for fintech #fintech,0,Neutral,1106,70,11,7,4,8.32
178,2026-06-15,LinkedIn,small business,video,clear financial education for small business #smallbusiness,1,Positive,1412,133,33,35,15,15.3
179,2026-07-31,TikTok,data analytics,image,brand awareness post for data analytics #dataanalytics,0,Neutral,1602,109,31,17,25,11.36
180,2026-01-31,LinkedIn,small business,video,fast mobile money growth for small business #smallbusiness,2,Positive,1308,65,6,25,15,8.49
181,2026-08-17,Instagram,small business,short,clear financial education for small business #smallbusiness,1,Positive,2214,186,10,31,18,11.07
182,2026-06-02,LinkedIn,fintech,short,clear financial education for fintech #fintech,1,Positive,1625,168,14,37,13,14.28
183,2026-07-30,Instagram,personal finance,image,smart data analytics for personal finance #personalfinance,1,Positive,1343,99,28,4,7,10.28
184,2026-07-17,LinkedIn,small business,image,fast mobile money growth for small business #smallbusiness,2,Positive,822,82,7,9,6,12.65
185,2026-03-15,Facebook,ecommerce,short,expensive campaign loss for ecommerce #ecommerce,-2,Negative,1062,55,7,5,12,7.44
186,2026-09-03,Facebook,data analytics,short,simple dashboard insights for data analytics #dataanalytics,1,Positive,1437,67,10,6,16,6.89
187,2026-07-30,Instagram,small business,carousel,simple dashboard insights for small business #smallbusiness,1,Positive,1913,100,20,24,7,7.89
188,2026-09-18,TikTok,data analytics,text,trusted customer service for data analytics #dataanalytics,1,Positive,1398,130,14,7,6,11.23
189,2026-03-13,LinkedIn,personal finance,text,trusted customer service for personal finance #personalfinance,1,Positive,728,73,7,2,4,11.81
190,2026-01-20,X,data analytics,carousel,trusted customer service for data analytics #dataanalytics,1,Positive,866,70,16,18,7,12.82
191,2026-09-04,TikTok,personal finance,text,customer feedback summary for personal finance #personalfinance,0,Neutral,1030,70,6,15,2,9.03
192,2026-02-10,Instagram,marketing,video,product feature overview for marketing #marketing,0,Neutral,1981,110,49,22,14,9.84
193,2026-08-15,Facebook,ecommerce,text,brand awareness post for ecommerce #ecommerce,0,Neutral,688,39,4,7,8,8.43
194,2026-07-18,Facebook,mobile money,short,fast mobile money growth for mobile money #mobilemoney,2,Positive,1682,129,32,45,25,13.73
195,2026-06-09,Facebook,mobile money,video,simple dashboard insights for mobile money #mobilemoney,1,Positive,1476,116,14,22,5,10.64
196,2026-07-19,X,mobile money,short,weekly market note for mobile money #mobilemoney,0,Neutral,622,45,3,14,8,11.25
197,2026-07-27,Instagram,data analytics,short,fast mobile money growth for data analytics #dataanalytics,2,Positive,1875,121,33,8,14,9.39
198,2026-02-14,LinkedIn,small business,text,trusted customer service for small business #smallbusiness,1,Positive,761,60,14,3,7,11.04
199,2026-06-26,LinkedIn,personal finance,short,trusted customer service for personal finance #personalfinance,1,Positive,1203,68,18,18,13,9.73
200,2026-07-21,Facebook,ecommerce,short,simple dashboard insights for ecommerce #ecommerce,1,Positive,1001,94,24,18,2,13.79
201,2026-01-14,TikTok,mobile money,short,trusted customer service for mobile money #mobilemoney,1,Positive,2480,197,42,66,27,13.39
202,2026-08-31,Facebook,marketing,text,weak engagement result for marketing #marketing,-1,Negative,814,34,19,4,13,8.6
203,2026-08-12,Instagram,mobile money,image,new campaign update for mobile money #mobilemoney,0,Neutral,1717,86,33,12,6,7.98
204,2026-09-17,X,data analytics,carousel,product feature overview for data analytics #dataanalytics,0,Neutral,992,49,15,23,8,9.58
205,2026-01-31,LinkedIn,data analytics,image,simple dashboard insights for data analytics #dataanalytics,1,Positive,1188,118,24,11,16,14.23
206,2026-03-03,Instagram,mobile money,carousel,risky payment delay for mobile money #mobilemoney,-1,Negative,1588,51,8,34,15,6.8
207,2026-04-10,LinkedIn,ecommerce,short,fast mobile money growth for ecommerce #ecommerce,2,Positive,1692,100,9,34,23,9.81
208,2026-01-04,LinkedIn,personal finance,short,customer feedback summary for personal finance #personalfinance,0,Neutral,1053,51,18,19,3,8.64
209,2026-05-10,Facebook,small business,short,risky payment delay for small business #smallbusiness,-1,Negative,873,63,7,7,6,9.51
210,2026-04-19,X,mobile money,video,clear financial education for mobile money #mobilemoney,1,Positive,1271,82,29,20,18,11.72
211,2026-01-10,TikTok,ecommerce,short,new campaign update for ecommerce #ecommerce,0,Neutral,1790,148,14,31,20,11.9
212,2026-05-13,LinkedIn,mobile money,short,trusted customer service for mobile money #mobilemoney,1,Positive,1514,93,23,38,17,11.29
213,2026-07-04,LinkedIn,data analytics,short,slow support problem for data analytics #dataanalytics,-2,Negative,1184,40,28,12,9,7.52
214,2026-09-05,Instagram,personal finance,image,weekly market note for personal finance #personalfinance,0,Neutral,1382,96,32,26,10,11.87
215,2026-04-05,Facebook,marketing,image,weekly market note for marketing #marketing,0,Neutral,801,47,6,9,3,8.11
216,2026-05-25,X,personal finance,image,brand awareness post for personal finance #personalfinance,0,Neutral,386,29,4,5,6,11.4
217,2026-06-08,Facebook,mobile money,carousel,slow support problem for mobile money #mobilemoney,-2,Negative,843,45,15,6,4,8.3
218,2026-04-13,Instagram,mobile money,text,simple dashboard insights for mobile money #mobilemoney,1,Positive,645,56,11,3,6,11.78
219,2026-03-08,TikTok,marketing,short,new campaign update for marketing #marketing,0,Neutral,2222,174,28,57,21,12.6
220,2026-07-31,LinkedIn,ecommerce,text,clear financial education for ecommerce #ecommerce,1,Positive,878,87,8,3,11,12.41
221,2026-05-06,Facebook,fintech,video,confusing user journey for fintech #fintech,-1,Negative,619,27,3,10,5,7.27
222,2026-09-09,X,mobile money,short,weekly market note for mobile money #mobilemoney,0,Neutral,901,28,18,22,13,8.99
223,2026-09-16,TikTok,fintech,image,clear financial education for fintech #fintech,1,Positive,1828,115,26,8,7,8.53
224,2026-06-04,X,small business,carousel,brand awareness post for small business #smallbusiness,0,Neutral,974,29,9,9,6,5.44
225,2026-01-29,Instagram,small business,text,expensive campaign loss for small business #smallbusiness,-2,Negative,740,49,10,1,6,8.92
226,2026-02-08,X,data analytics,text,risky payment delay for data analytics #dataanalytics,-1,Negative,105,3,1,1,0,4.76
227,2026-03-05,TikTok,small business,image,clear financial education for small business #smallbusiness,1,Positive,1787,127,28,8,11,9.74
228,2026-01-20,LinkedIn,ecommerce,text,simple dashboard insights for ecommerce #ecommerce,1,Positive,772,66,18,2,2,11.4
229,2026-08-12,TikTok,data analytics,carousel,trusted customer service for data analytics #dataanalytics,1,Positive,2214,148,42,30,25,11.07
230,2026-07-12,LinkedIn,small business,short,fast mobile money growth for small business #smallbusiness,2,Positive,1530,161,37,41,20,16.93
231,2026-03-03,TikTok,personal finance,video,new campaign update for personal finance #personalfinance,0,Neutral,2424,202,59,71,33,15.06
232,2026-06-17,Facebook,data analytics,image,confusing user journey for data analytics #dataanalytics,-1,Negative,794,52,9,13,12,10.83
233,2026-04-22,Facebook,fintech,image,weekly market note for fintech #fintech,0,Neutral,823,67,17,10,8,12.39
234,2026-09-18,Instagram,marketing,carousel,brand awareness post for marketing #marketing,0,Neutral,1510,82,29,20,21,10.07
235,2026-06-10,LinkedIn,ecommerce,text,slow support problem for ecommerce #ecommerce,-2,Negative,594,30,6,7,6,8.25
236,2026-08-02,TikTok,mobile money,text,trusted customer service for mobile money #mobilemoney,1,Positive,1328,86,23,15,9,10.02
237,2026-04-18,Facebook,personal finance,text,weak engagement result for personal finance #personalfinance,-1,Negative,620,15,9,5,9,6.13
238,2026-03-15,LinkedIn,marketing,short,simple dashboard insights for marketing #marketing,1,Positive,1109,38,14,8,10,6.31
239,2026-08-25,X,data analytics,video,clear financial education for data analytics #dataanalytics,1,Positive,1184,92,7,9,3,9.38
240,2026-07-25,X,data analytics,image,trusted customer service for data analytics #dataanalytics,1,Positive,583,19,5,7,8,6.69
241,2026-02-22,TikTok,data analytics,carousel,smart data analytics for data analytics #dataanalytics,1,Positive,2477,229,35,16,21,12.15
242,2026-03-05,Instagram,mobile money,video,customer feedback summary for mobile money #mobilemoney,0,Neutral,1903,92,40,41,19,10.09
243,2026-04-24,LinkedIn,mobile money,image,customer feedback summary for mobile money #mobilemoney,0,Neutral,636,39,6,7,2,8.49
244,2026-09-12,Facebook,mobile money,carousel,fast mobile money growth for mobile money #mobilemoney,2,Positive,1055,105,17,7,9,13.08
245,2026-07-02,Facebook,marketing,carousel,slow support problem for marketing #marketing,-2,Negative,701,24,14,4,10,7.42
246,2026-09-12,X,marketing,short,clear financial education for marketing #marketing,1,Positive,1455,88,32,37,15,11.82
247,2026-06-20,TikTok,data analytics,short,smart data analytics for data analytics #dataanalytics,1,Positive,2180,163,21,24,8,9.91
248,2026-04-13,Facebook,mobile money,carousel,trusted customer service for mobile money #mobilemoney,1,Positive,986,36,17,22,8,8.42
249,2026-05-09,Facebook,small business,text,slow support problem for small business #smallbusiness,-2,Negative,369,21,3,1,1,7.05
250,2026-02-18,LinkedIn,marketing,video,trusted customer service for marketing #marketing,1,Positive,2074,167,33,45,32,13.36
251,2026-01-01,Instagram,fintech,text,clear financial education for fintech #fintech,1,Positive,1011,102,20,14,11,14.54
252,2026-09-14,LinkedIn,fintech,video,simple dashboard insights for fintech #fintech,1,Positive,1764,139,37,51,8,13.32
253,2026-05-04,X,marketing,image,fast mobile money growth for marketing #marketing,2,Positive,1138,48,12,22,10,8.08
254,2026-09-14,Instagram,fintech,carousel,new campaign update for fintech #fintech,0,Neutral,1711,69,13,9,26,6.84
255,2026-06-30,Facebook,ecommerce,image,product feature overview for ecommerce #ecommerce,0,Neutral,645,50,12,2,10,11.47
256,2026-07-15,LinkedIn,mobile money,video,weekly market note for mobile money #mobilemoney,0,Neutral,1567,123,8,23,21,11.17
257,2026-01-19,Instagram,ecommerce,short,weak engagement result for ecommerce #ecommerce,-1,Negative,1251,39,20,28,9,7.67
258,2026-07-17,LinkedIn,small business,video,weak engagement result for small business #smallbusiness,-1,Negative,1337,35,24,29,12,7.48
259,2026-02-12,LinkedIn,small business,text,brand awareness post for small business #smallbusiness,0,Neutral,611,38,9,3,5,9.0
260,2026-06-19,X,marketing,text,customer feedback summary for marketing #marketing,0,Neutral,402,34,6,1,3,10.95
261,2026-03-20,LinkedIn,data analytics,image,smart data analytics for data analytics #dataanalytics,1,Positive,1251,111,20,22,4,12.55
262,2026-03-20,TikTok,marketing,video,trusted customer service for marketing #marketing,1,Positive,2874,234,54,32,29,12.14
263,2026-04-26,Facebook,fintech,short,smart data analytics for fintech #fintech,1,Positive,1161,65,6,27,16,9.82
264,2026-02-01,TikTok,small business,video,trusted customer service for small business #smallbusiness,1,Positive,3202,304,49,94,23,14.68
265,2026-09-04,Instagram,personal finance,image,trusted customer service for personal finance #personalfinance,1,Positive,1651,92,20,19,16,8.9
266,2026-08-01,LinkedIn,data analytics,video,trusted customer service for data analytics #dataanalytics,1,Positive,1688,105,8,45,17,10.37
267,2026-02-18,Instagram,data analytics,video,brand awareness post for data analytics #dataanalytics,0,Neutral,2208,103,18,41,31,8.74
268,2026-03-11,Facebook,personal finance,image,product feature overview for personal finance #personalfinance,0,Neutral,821,61,18,9,9,11.81
269,2026-05-16,Facebook,data analytics,short,clear financial education for data analytics #dataanalytics,1,Positive,1202,43,11,7,21,6.82
270,2026-07-05,LinkedIn,small business,short,weak engagement result for small business #smallbusiness,-1,Negative,878,63,10,7,4,9.57
271,2026-01-13,X,data analytics,short,trusted customer service for data analytics #dataanalytics,1,Positive,1395,70,18,19,16,8.82
272,2026-07-05,Facebook,personal finance,video,clear financial education for personal finance #personalfinance,1,Positive,1453,67,33,21,9,8.95
273,2026-01-13,LinkedIn,personal finance,short,new campaign update for personal finance #personalfinance,0,Neutral,1586,116,12,6,9,9.02
274,2026-06-24,LinkedIn,mobile money,text,new campaign update for mobile money #mobilemoney,0,Neutral,740,43,10,2,10,8.78
275,2026-02-13,LinkedIn,marketing,video,slow support problem for marketing #marketing,-2,Negative,1226,41,23,5,18,7.1
276,2026-05-31,X,ecommerce,text,simple dashboard insights for ecommerce #ecommerce,1,Positive,789,64,11,8,10,11.79
277,2026-05-11,Instagram,small business,text,fast mobile money growth for small business #smallbusiness,2,Positive,1465,65,31,4,16,7.92
278,2026-04-09,TikTok,fintech,short,smart data analytics for fintech #fintech,1,Positive,2544,158,45,12,36,9.87
279,2026-05-19,Instagram,mobile money,video,trusted customer service for mobile money #mobilemoney,1,Positive,2614,252,53,33,11,13.35
280,2026-03-24,TikTok,data analytics,text,new campaign update for data analytics #dataanalytics,0,Neutral,1360,105,29,3,19,11.47
281,2026-05-10,Facebook,marketing,video,risky payment delay for marketing #marketing,-1,Negative,1095,40,16,4,4,5.84
282,2026-05-10,X,marketing,short,product feature overview for marketing #marketing,0,Neutral,1037,32,25,19,2,7.52
283,2026-01-20,Instagram,data analytics,text,customer feedback summary for data analytics #dataanalytics,0,Neutral,1141,46,26,7,6,7.45
284,2026-05-09,TikTok,ecommerce,carousel,trusted customer service for ecommerce #ecommerce,1,Positive,2267,69,9,10,13,4.46
285,2026-05-21,Instagram,data analytics,video,trusted customer service for data analytics #dataanalytics,1,Positive,1897,79,28,44,6,8.28
286,2026-01-30,X,marketing,video,trusted customer service for marketing #marketing,1,Positive,1401,125,14,28,7,12.42
287,2026-04-27,TikTok,small business,video,weekly market note for small business #smallbusiness,0,Neutral,2480,80,34,21,7,5.73
288,2026-05-13,Facebook,fintech,short,brand awareness post for fintech #fintech,0,Neutral,1058,46,9,15,10,7.56
289,2026-08-30,TikTok,ecommerce,carousel,trusted customer service for ecommerce #ecommerce,1,Positive,2126,91,31,30,16,7.9
290,2026-04-05,Facebook,data analytics,video,weekly market note for data analytics #dataanalytics,0,Neutral,1221,100,12,17,4,10.89
291,2026-01-17,TikTok,personal finance,short,clear financial education for personal finance #personalfinance,1,Positive,2611,173,28,63,28,11.18
292,2026-02-14,Instagram,marketing,short,product feature overview for marketing #marketing,0,Neutral,1613,96,25,41,3,10.23
293,2026-04-24,X,data analytics,short,simple dashboard insights for data analytics #dataanalytics,1,Positive,1216,78,24,16,19,11.27
294,2026-06-11,Instagram,mobile money,short,brand awareness post for mobile money #mobilemoney,0,Neutral,1880,99,36,22,16,9.2
295,2026-07-13,LinkedIn,ecommerce,text,clear financial education for ecommerce #ecommerce,1,Positive,666,27,11,3,5,6.91
296,2026-08-27,LinkedIn,data analytics,image,product feature overview for data analytics #dataanalytics,0,Neutral,719,61,9,2,5,10.71
297,2026-01-01,X,ecommerce,text,fast mobile money growth for ecommerce #ecommerce,2,Positive,662,56,4,4,8,10.88
298,2026-08-27,X,data analytics,video,weekly market note for data analytics #dataanalytics,0,Neutral,1027,29,5,8,13,5.36
299,2026-02-17,TikTok,fintech,carousel,weekly market note for fintech #fintech,0,Neutral,1983,137,13,27,34,10.64
300,2026-04-11,X,personal finance,carousel,simple dashboard insights for personal finance #personalfinance,1,Positive,897,58,8,13,3,9.14
301,2026-02-26,LinkedIn,ecommerce,text,simple dashboard insights for ecommerce #ecommerce,1,Positive,727,69,3,2,5,10.87
302,2026-08-07,Instagram,personal finance,short,weekly market note for personal finance #personalfinance,0,Neutral,1747,145,20,33,22,12.59
303,2026-09-17,Instagram,mobile money,image,trusted customer service for mobile money #mobilemoney,1,Positive,1780,124,28,30,5,10.51
304,2026-07-03,LinkedIn,personal finance,text,brand awareness post for personal finance #personalfinance,0,Neutral,765,20,13,5,4,5.49
305,2026-01-29,LinkedIn,ecommerce,image,brand awareness post for ecommerce #ecommerce,0,Neutral,1052,67,8,3,2,7.6
306,2026-04-17,Facebook,ecommerce,video,customer feedback summary for ecommerce #ecommerce,0,Neutral,1106,90,12,9,10,10.94
307,2026-01-23,TikTok,small business,image,customer feedback summary for small business #smallbusiness,0,Neutral,1460,73,10,14,13,7.53
308,2026-08-15,Facebook,fintech,text,customer feedback summary for fintech #fintech,0,Neutral,670,21,12,6,8,7.01
309,2026-08-23,TikTok,personal finance,carousel,customer feedback summary for personal finance #personalfinance,0,Neutral,2043,173,36,27,9,11.99
310,2026-05-31,TikTok,marketing,image,brand awareness post for marketing #marketing,0,Neutral,1471,70,28,14,19,8.91
311,2026-04-16,Instagram,personal finance,text,trusted customer service for personal finance #personalfinance,1,Positive,1000,37,19,13,9,7.8
312,2026-01-26,Facebook,personal finance,text,brand awareness post for personal finance #personalfinance,0,Neutral,336,17,2,4,3,7.74
313,2026-04-30,Facebook,marketing,video,weekly market note for marketing #marketing,0,Neutral,972,28,14,10,5,5.86
314,2026-01-20,X,personal finance,carousel,customer feedback summary for personal finance #personalfinance,0,Neutral,661,52,8,6,6,10.89
315,2026-03-12,Facebook,mobile money,carousel,simple dashboard insights for mobile money #mobilemoney,1,Positive,1092,74,8,16,9,9.8
316,2026-06-21,Facebook,fintech,carousel,brand awareness post for fintech #fintech,0,Neutral,761,43,9,13,7,9.46
317,2026-06-18,Instagram,mobile money,carousel,fast mobile money growth for mobile money #mobilemoney,2,Positive,1962,169,9,42,16,12.03
318,2026-08-12,Facebook,small business,video,slow support problem for small business #smallbusiness,-2,Negative,924,47,11,24,14,10.39
319,2026-06-26,LinkedIn,mobile money,text,expensive campaign loss for mobile money #mobilemoney,-2,Negative,558,38,6,2,6,9.32
320,2026-09-09,TikTok,fintech,video,expensive campaign loss for fintech #fintech,-2,Negative,2082,80,42,15,4,6.77
321,2026-01-27,LinkedIn,marketing,video,new campaign update for marketing #marketing,0,Neutral,1394,74,28,12,15,9.25
322,2026-02-04,LinkedIn,personal finance,image,trusted customer service for personal finance #personalfinance,1,Positive,1212,93,9,11,15,10.56
323,2026-02-27,LinkedIn,mobile money,text,weekly market note for mobile money #mobilemoney,0,Neutral,719,51,10,10,2,10.15
324,2026-03-26,Facebook,small business,image,simple dashboard insights for small business #smallbusiness,1,Positive,927,44,16,3,12,8.09
325,2026-02-23,X,mobile money,carousel,brand awareness post for mobile money #mobilemoney,0,Neutral,1235,58,9,24,18,8.83
326,2026-08-16,Instagram,small business,image,trusted customer service for small business #smallbusiness,1,Positive,1355,64,9,18,8,7.31
327,2026-01-09,X,mobile money,image,slow support problem for mobile money #mobilemoney,-2,Negative,703,42,4,7,6,8.39
328,2026-05-13,Instagram,ecommerce,image,product feature overview for ecommerce #ecommerce,0,Neutral,1002,43,7,17,16,8.28
329,2026-01-30,LinkedIn,small business,short,clear financial education for small business #smallbusiness,1,Positive,1341,101,16,21,21,11.86
330,2026-01-20,TikTok,marketing,short,customer feedback summary for marketing #marketing,0,Neutral,2203,82,25,16,35,7.17
331,2026-04-07,Instagram,data analytics,video,product feature overview for data analytics #dataanalytics,0,Neutral,1860,54,11,38,15,6.34
332,2026-07-20,Facebook,ecommerce,image,simple dashboard insights for ecommerce #ecommerce,1,Positive,898,44,19,5,14,9.13
333,2026-09-07,Facebook,personal finance,carousel,smart data analytics for personal finance #personalfinance,1,Positive,1338,50,14,10,12,6.43
334,2026-07-05,Facebook,small business,text,simple dashboard insights for small business #smallbusiness,1,Positive,1033,55,11,3,3,6.97
335,2026-05-19,TikTok,ecommerce,carousel,fast mobile money growth for ecommerce #ecommerce,2,Positive,2154,135,24,33,26,10.12
336,2026-01-24,LinkedIn,personal finance,short,trusted customer service for personal finance #personalfinance,1,Positive,1378,60,33,18,6,8.49
337,2026-04-29,LinkedIn,data analytics,text,clear financial education for data analytics #dataanalytics,1,Positive,509,48,2,1,5,11.0
338,2026-05-26,TikTok,small business,video,customer feedback summary for small business #smallbusiness,0,Neutral,2349,184,30,45,24,12.05
339,2026-08-15,Facebook,fintech,short,clear financial education for fintech #fintech,1,Positive,1207,67,15,29,7,9.78
340,2026-06-30,TikTok,fintech,image,smart data analytics for fintech #fintech,1,Positive,1743,162,20,25,19,12.97
341,2026-02-06,X,small business,carousel,weekly market note for small business #smallbusiness,0,Neutral,634,47,5,9,2,9.94
342,2026-01-03,TikTok,data analytics,image,weak engagement result for data analytics #dataanalytics,-1,Negative,1175,65,17,23,13,10.04
343,2026-02-09,LinkedIn,data analytics,image,trusted customer service for data analytics #dataanalytics,1,Positive,1153,50,16,12,16,8.15
344,2026-01-01,TikTok,small business,text,trusted customer service for small business #smallbusiness,1,Positive,1423,55,27,13,13,7.59
345,2026-05-28,LinkedIn,small business,short,clear financial education for small business #smallbusiness,1,Positive,1670,100,24,43,23,11.38
346,2026-08-12,Facebook,mobile money,video,risky payment delay for mobile money #mobilemoney,-1,Negative,1059,40,11,30,11,8.69
347,2026-01-17,Facebook,fintech,image,smart data analytics for fintech #fintech,1,Positive,1232,43,15,10,20,7.14
348,2026-04-05,X,mobile money,image,confusing user journey for mobile money #mobilemoney,-1,Negative,429,15,3,7,1,6.06
349,2026-04-11,Instagram,mobile money,text,clear financial education for mobile money #mobilemoney,1,Positive,1346,115,14,4,6,10.33
350,2026-07-05,TikTok,personal finance,short,weekly market note for personal finance #personalfinance,0,Neutral,2156,139,25,32,21,10.06
351,2026-01-10,TikTok,ecommerce,text,smart data analytics for ecommerce #ecommerce,1,Positive,1550,127,14,18,26,11.94
352,2026-06-14,Instagram,ecommerce,video,customer feedback summary for ecommerce #ecommerce,0,Neutral,1940,50,34,38,15,7.06
353,2026-05-09,TikTok,ecommerce,carousel,weekly market note for ecommerce #ecommerce,0,Neutral,2005,138,41,25,21,11.22
354,2026-06-01,LinkedIn,mobile money,short,new campaign update for mobile money #mobilemoney,0,Neutral,1102,98,6,18,11,12.07
355,2026-05-09,X,ecommerce,carousel,simple dashboard insights for ecommerce #ecommerce,1,Positive,999,29,5,9,7,5.01
356,2026-05-02,X,data analytics,image,fast mobile money growth for data analytics #dataanalytics,2,Positive,832,70,7,16,2,11.42
357,2026-01-20,X,fintech,carousel,brand awareness post for fintech #fintech,0,Neutral,945,70,19,18,2,11.53
358,2026-08-22,Facebook,marketing,carousel,customer feedback summary for marketing #marketing,0,Neutral,994,79,14,21,11,12.58
359,2026-01-08,X,marketing,image,brand awareness post for marketing #marketing,0,Neutral,425,26,5,6,1,8.94
360,2026-03-09,Facebook,data analytics,short,weak engagement result for data analytics #dataanalytics,-1,Negative,962,65,20,21,3,11.33
361,2026-06-25,X,mobile money,short,slow support problem for mobile money #mobilemoney,-2,Negative,893,39,14,9,11,8.17
362,2026-07-15,X,data analytics,video,trusted customer service for data analytics #dataanalytics,1,Positive,1030,56,24,7,4,8.83
363,2026-04-07,TikTok,small business,short,fast mobile money growth for small business #smallbusiness,2,Positive,2538,189,31,58,38,12.45
364,2026-01-22,LinkedIn,data analytics,short,risky payment delay for data analytics #dataanalytics,-1,Negative,1238,80,27,32,19,12.76
365,2026-07-23,X,small business,video,confusing user journey for small business #smallbusiness,-1,Negative,709,18,5,8,9,5.64
366,2026-07-26,X,small business,video,customer feedback summary for small business #smallbusiness,0,Neutral,933,31,21,23,6,8.68
367,2026-03-27,X,mobile money,text,new campaign update for mobile money #mobilemoney,0,Neutral,482,21,6,6,2,7.26
368,2026-07-31,LinkedIn,small business,video,weekly market note for small business #smallbusiness,0,Neutral,1490,51,19,14,23,7.18
369,2026-09-08,X,data analytics,image,new campaign update for data analytics #dataanalytics,0,Neutral,772,68,10,8,7,12.05
370,2026-03-28,TikTok,marketing,image,clear financial education for marketing #marketing,1,Positive,1816,161,44,12,13,12.67
371,2026-08-28,TikTok,ecommerce,short,confusing user journey for ecommerce #ecommerce,-1,Negative,1660,63,15,39,16,8.01
372,2026-02-21,X,marketing,short,brand awareness post for marketing #marketing,0,Neutral,884,32,17,7,1,6.45
373,2026-07-11,TikTok,personal finance,carousel,smart data analytics for personal finance #personalfinance,1,Positive,2352,178,11,41,11,10.25
374,2026-08-15,LinkedIn,mobile money,image,clear financial education for mobile money #mobilemoney,1,Positive,1113,111,16,11,17,13.93
375,2026-01-06,X,data analytics,text,confusing user journey for data analytics #dataanalytics,-1,Negative,85,5,1,0,0,7.06
376,2026-04-12,X,personal finance,short,risky payment delay for personal finance #personalfinance,-1,Negative,626,26,10,10,10,8.95
377,2026-04-20,X,personal finance,text,new campaign update for personal finance #personalfinance,0,Neutral,412,36,8,1,4,11.89
378,2026-01-25,LinkedIn,mobile money,image,weekly market note for mobile money #mobilemoney,0,Neutral,804,59,4,11,11,10.57
379,2026-02-22,X,ecommerce,carousel,slow support problem for ecommerce #ecommerce,-2,Negative,854,60,20,13,9,11.94
380,2026-04-16,Facebook,data analytics,short,brand awareness post for data analytics #dataanalytics,0,Neutral,934,29,8,17,5,6.32
381,2026-08-29,Instagram,personal finance,short,simple dashboard insights for personal finance #personalfinance,1,Positive,2113,156,39,33,37,12.54
382,2026-05-10,LinkedIn,small business,short,new campaign update for small business #smallbusiness,0,Neutral,1374,71,23,10,23,9.24
383,2026-09-10,Facebook,ecommerce,video,slow support problem for ecommerce #ecommerce,-2,Negative,1067,60,8,17,4,8.34
384,2026-03-28,TikTok,ecommerce,video,smart data analytics for ecommerce #ecommerce,1,Positive,2712,195,55,65,43,13.2
385,2026-01-14,TikTok,personal finance,video,risky payment delay for personal finance #personalfinance,-1,Negative,1955,97,47,48,17,10.69
386,2026-08-15,LinkedIn,fintech,video,brand awareness post for fintech #fintech,0,Neutral,1371,99,19,32,20,12.4
387,2026-06-02,Instagram,small business,image,customer feedback summary for small business #smallbusiness,0,Neutral,1446,100,7,5,18,8.99
388,2026-09-07,TikTok,data analytics,text,clear financial education for data analytics #dataanalytics,1,Positive,1352,138,8,12,15,12.8
389,2026-05-15,LinkedIn,mobile money,video,trusted customer service for mobile money #mobilemoney,1,Positive,1506,80,34,25,22,10.69
390,2026-02-26,TikTok,personal finance,text,expensive campaign loss for personal finance #personalfinance,-2,Negative,1274,76,17,11,17,9.5
391,2026-07-26,Instagram,mobile money,short,clear financial education for mobile money #mobilemoney,1,Positive,2083,149,9,41,34,11.19
392,2026-02-28,LinkedIn,data analytics,image,trusted customer service for data analytics #dataanalytics,1,Positive,830,57,18,3,4,9.88
393,2026-07-16,Facebook,personal finance,carousel,smart data analytics for personal finance #personalfinance,1,Positive,1114,97,13,21,7,12.39
394,2026-03-10,X,small business,short,risky payment delay for small business #smallbusiness,-1,Negative,743,45,12,15,11,11.17
395,2026-08-27,X,marketing,short,expensive campaign loss for marketing #marketing,-2,Negative,684,36,6,16,4,9.06
396,2026-03-05,LinkedIn,mobile money,carousel,new campaign update for mobile money #mobilemoney,0,Neutral,1270,100,8,8,22,10.87
397,2026-03-02,X,small business,text,weak engagement result for small business #smallbusiness,-1,Negative,545,34,13,4,1,9.54
398,2026-08-23,TikTok,mobile money,text,expensive campaign loss for mobile money #mobilemoney,-2,Negative,903,48,12,2,3,7.2
399,2026-02-24,X,fintech,text,trusted customer service for fintech #fintech,1,Positive,699,41,6,9,10,9.44
400,2026-02-17,Facebook,data analytics,image,customer feedback summary for data analytics #dataanalytics,0,Neutral,544,39,11,3,2,10.11
401,2026-06-03,Instagram,mobile money,image,new campaign update for mobile money #mobilemoney,0,Neutral,1557,68,30,17,6,7.77
402,2026-06-15,X,marketing,video,clear financial education for marketing #marketing,1,Positive,1213,57,6,15,4,6.76
403,2026-01-08,Facebook,mobile money,short,fast mobile money growth for mobile money #mobilemoney,2,Positive,1220,52,14,20,13,8.11
404,2026-08-16,TikTok,personal finance,text,product feature overview for personal finance #personalfinance,0,Neutral,1229,72,27,15,10,10.09
405,2026-02-05,TikTok,data analytics,carousel,trusted customer service for data analytics #dataanalytics,1,Positive,2254,151,38,10,32,10.25
406,2026-02-19,Facebook,mobile money,carousel,fast mobile money growth for mobile money #mobilemoney,2,Positive,1056,110,24,17,15,15.72
407,2026-04-11,LinkedIn,data analytics,text,risky payment delay for data analytics #dataanalytics,-1,Negative,590,40,4,1,10,9.32
408,2026-08-18,LinkedIn,mobile money,image,smart data analytics for mobile money #mobilemoney,1,Positive,1011,91,18,13,5,12.56
409,2026-04-22,TikTok,small business,carousel,risky payment delay for small business #smallbusiness,-1,Negative,1591,77,13,16,13,7.48
410,2026-01-28,Instagram,data analytics,image,slow support problem for data analytics #dataanalytics,-2,Negative,1199,31,19,4,10,5.34
411,2026-06-04,Instagram,personal finance,text,simple dashboard insights for personal finance #personalfinance,1,Positive,1290,132,11,17,21,14.03
412,2026-02-14,LinkedIn,small business,video,customer feedback summary for small business #smallbusiness,0,Neutral,1570,122,17,30,19,11.97
413,2026-09-10,TikTok,marketing,image,customer feedback summary for marketing #marketing,0,Neutral,1608,136,28,24,11,12.38
414,2026-06-15,Facebook,ecommerce,image,expensive campaign loss for ecommerce #ecommerce,-2,Negative,402,15,7,5,3,7.46
415,2026-05-19,Instagram,small business,short,customer feedback summary for small business #smallbusiness,0,Neutral,1894,86,30,28,13,8.29
416,2026-07-03,Instagram,fintech,text,risky payment delay for fintech #fintech,-1,Negative,560,14,5,5,2,4.64
417,2026-05-12,Instagram,small business,video,product feature overview for small business #smallbusiness,0,Neutral,2185,180,15,27,37,11.85
418,2026-08-31,X,mobile money,image,new campaign update for mobile money #mobilemoney,0,Neutral,868,49,7,3,2,7.03
419,2026-08-02,LinkedIn,fintech,image,smart data analytics for fintech #fintech,1,Positive,862,34,18,15,13,9.28
420,2026-01-23,Facebook,mobile money,carousel,brand awareness post for mobile money #mobilemoney,0,Neutral,664,36,3,9,7,8.28
421,2026-04-20,X,mobile money,text,smart data analytics for mobile money #mobilemoney,1,Positive,617,34,6,8,9,9.24
422,2026-01-13,Instagram,personal finance,carousel,new campaign update for personal finance #personalfinance,0,Neutral,1614,79,33,37,21,10.53
423,2026-01-29,Facebook,data analytics,video,fast mobile money growth for data analytics #dataanalytics,2,Positive,1492,73,21,9,24,8.51
424,2026-02-09,TikTok,data analytics,video,new campaign update for data analytics #dataanalytics,0,Neutral,2383,151,14,48,17,9.65
425,2026-04-17,TikTok,mobile money,carousel,trusted customer service for mobile money #mobilemoney,1,Positive,2421,254,56,24,33,15.16
426,2026-02-15,Instagram,fintech,text,trusted customer service for fintech #fintech,1,Positive,864,73,17,8,8,12.27
427,2026-07-17,Facebook,marketing,text,trusted customer service for marketing #marketing,1,Positive,640,19,11,4,7,6.41
428,2026-05-27,TikTok,fintech,short,weak engagement result for fintech #fintech,-1,Negative,2102,140,10,51,19,10.47
429,2026-02-07,Facebook,personal finance,carousel,clear financial education for personal finance #personalfinance,1,Positive,1017,87,21,3,8,11.7
430,2026-05-16,TikTok,ecommerce,text,trusted customer service for ecommerce #ecommerce,1,Positive,1693,102,14,5,13,7.91
431,2026-04-16,X,data analytics,short,weekly market note for data analytics #dataanalytics,0,Neutral,1048,26,7,25,13,6.77
432,2026-01-20,X,fintech,image,new campaign update for fintech #fintech,0,Neutral,659,34,3,3,1,6.22
433,2026-01-13,Instagram,fintech,carousel,product feature overview for fintech #fintech,0,Neutral,1516,101,32,13,15,10.62
434,2026-07-22,X,marketing,video,slow support problem for marketing #marketing,-2,Negative,1094,37,18,30,19,9.51
435,2026-04-26,Instagram,personal finance,short,clear financial education for personal finance #personalfinance,1,Positive,2027,209,15,22,35,13.86
436,2026-04-17,LinkedIn,data analytics,carousel,simple dashboard insights for data analytics #dataanalytics,1,Positive,1059,89,19,7,2,11.05
437,2026-09-15,Instagram,marketing,text,simple dashboard insights for marketing #marketing,1,Positive,1071,51,11,4,10,7.1
438,2026-04-04,TikTok,fintech,video,simple dashboard insights for fintech #fintech,1,Positive,2944,292,52,79,11,14.74
439,2026-06-01,TikTok,fintech,video,new campaign update for fintech #fintech,0,Neutral,2358,76,21,40,23,6.79
440,2026-01-08,X,small business,carousel,product feature overview for small business #smallbusiness,0,Neutral,812,26,11,5,10,6.4
441,2026-05-26,LinkedIn,small business,carousel,slow support problem for small business #smallbusiness,-2,Negative,1230,75,14,14,12,9.35
442,2026-02-18,Facebook,fintech,image,confusing user journey for fintech #fintech,-1,Negative,563,29,7,7,2,7.99
443,2026-06-12,X,ecommerce,short,fast mobile money growth for ecommerce #ecommerce,2,Positive,924,73,6,15,7,10.93
444,2026-01-20,TikTok,ecommerce,short,product feature overview for ecommerce #ecommerce,0,Neutral,2330,144,17,23,9,8.28
445,2026-06-28,TikTok,mobile money,image,weekly market note for mobile money #mobilemoney,0,Neutral,2034,97,49,9,29,9.05
446,2026-04-12,X,ecommerce,video,simple dashboard insights for ecommerce #ecommerce,1,Positive,1623,93,39,8,9,9.18
447,2026-09-04,Facebook,fintech,video,clear financial education for fintech #fintech,1,Positive,1420,134,23,26,17,14.08
448,2026-04-27,X,marketing,short,weak engagement result for marketing #marketing,-1,Negative,486,20,11,11,2,9.05
449,2026-07-28,X,mobile money,video,smart data analytics for mobile money #mobilemoney,1,Positive,1425,108,13,35,3,11.16
450,2026-08-28,TikTok,personal finance,text,customer feedback summary for personal finance #personalfinance,0,Neutral,1174,40,6,10,6,5.28
451,2026-07-21,TikTok,personal finance,short,product feature overview for personal finance #personalfinance,0,Neutral,1769,147,24,28,13,11.98
452,2026-05-02,LinkedIn,data analytics,carousel,simple dashboard insights for data analytics #dataanalytics,1,Positive,1057,64,22,15,5,10.03
453,2026-07-20,LinkedIn,mobile money,video,confusing user journey for mobile money #mobilemoney,-1,Negative,1152,29,20,29,6,7.29
454,2026-08-05,X,personal finance,image,risky payment delay for personal finance #personalfinance,-1,Negative,471,10,11,2,1,5.1
455,2026-08-12,LinkedIn,mobile money,text,trusted customer service for mobile money #mobilemoney,1,Positive,415,33,1,4,3,9.88
456,2026-04-19,LinkedIn,data analytics,short,risky payment delay for data analytics #dataanalytics,-1,Negative,801,17,11,5,11,5.49
457,2026-09-11,Instagram,ecommerce,text,weak engagement result for ecommerce #ecommerce,-1,Negative,840,57,11,11,7,10.24
458,2026-03-03,X,data analytics,video,weekly market note for data analytics #dataanalytics,0,Neutral,1128,99,13,22,7,12.5
459,2026-02-09,X,data analytics,carousel,expensive campaign loss for data analytics #dataanalytics,-2,Negative,758,34,9,13,10,8.71
460,2026-09-03,LinkedIn,marketing,image,confusing user journey for marketing #marketing,-1,Negative,721,52,10,4,11,10.68
461,2026-09-11,TikTok,ecommerce,text,clear financial education for ecommerce #ecommerce,1,Positive,1503,116,15,20,24,11.64
462,2026-06-03,TikTok,fintech,video,customer feedback summary for fintech #fintech,0,Neutral,2421,95,48,62,27,9.58
463,2026-06-12,Instagram,personal finance,carousel,trusted customer service for personal finance #personalfinance,1,Positive,1762,114,24,34,3,9.93
464,2026-05-30,TikTok,personal finance,short,clear financial education for personal finance #personalfinance,1,Positive,2531,140,39,15,22,8.53
465,2026-04-13,Facebook,fintech,short,customer feedback summary for fintech #fintech,0,Neutral,1033,46,17,23,4,8.71
466,2026-02-28,TikTok,small business,short,simple dashboard insights for small business #smallbusiness,1,Positive,2751,96,52,18,15,6.58
467,2026-01-16,Instagram,data analytics,video,fast mobile money growth for data analytics #dataanalytics,2,Positive,2291,105,49,33,14,8.77
468,2026-06-16,LinkedIn,small business,video,product feature overview for small business #smallbusiness,0,Neutral,1171,90,13,12,3,10.08
469,2026-08-19,Instagram,marketing,short,fast mobile money growth for marketing #marketing,2,Positive,2013,67,26,38,9,6.95
470,2026-01-03,Instagram,personal finance,carousel,clear financial education for personal finance #personalfinance,1,Positive,1931,163,41,13,30,12.79
471,2026-02-22,Facebook,small business,video,confusing user journey for small business #smallbusiness,-1,Negative,897,36,21,12,6,8.36
472,2026-01-18,LinkedIn,data analytics,image,customer feedback summary for data analytics #dataanalytics,0,Neutral,787,42,15,13,2,9.15
473,2026-05-08,Instagram,marketing,image,smart data analytics for marketing #marketing,1,Positive,1735,154,11,7,7,10.32
474,2026-08-22,X,data analytics,short,expensive campaign loss for data analytics #dataanalytics,-2,Negative,738,17,4,3,10,4.61
475,2026-01-27,Facebook,small business,carousel,expensive campaign loss for small business #smallbusiness,-2,Negative,464,22,11,9,2,9.48
476,2026-06-02,TikTok,data analytics,video,smart data analytics for data analytics #dataanalytics,1,Positive,3008,157,15,27,18,7.21
477,2026-06-26,X,mobile money,image,weekly market note for mobile money #mobilemoney,0,Neutral,809,64,5,12,11,11.37
478,2026-01-08,X,ecommerce,video,product feature overview for ecommerce #ecommerce,0,Neutral,1001,65,10,5,17,9.69
479,2026-03-15,Facebook,marketing,carousel,brand awareness post for marketing #marketing,0,Neutral,1113,38,25,24,13,8.98
480,2026-04-20,Instagram,fintech,carousel,risky payment delay for fintech #fintech,-1,Negative,1041,64,14,6,8,8.84
481,2026-03-05,LinkedIn,fintech,image,confusing user journey for fintech #fintech,-1,Negative,668,30,10,13,1,8.08
482,2026-01-10,X,small business,text,confusing user journey for small business #smallbusiness,-1,Negative,282,10,2,0,2,4.96
483,2026-01-25,Instagram,small business,image,smart data analytics for small business #smallbusiness,1,Positive,1719,71,23,32,24,8.73
484,2026-07-17,TikTok,small business,text,customer feedback summary for small business #smallbusiness,0,Neutral,1233,31,9,15,19,6.0
485,2026-03-10,Instagram,data analytics,short,confusing user journey for data analytics #dataanalytics,-1,Negative,1511,54,16,16,23,7.21
486,2026-01-23,LinkedIn,data analytics,text,expensive campaign loss for data analytics #dataanalytics,-2,Negative,777,50,12,7,3,9.27
487,2026-03-22,Facebook,marketing,video,trusted customer service for marketing #marketing,1,Positive,999,34,22,7,6,6.91
488,2026-03-09,Facebook,personal finance,short,weekly market note for personal finance #personalfinance,0,Neutral,770,49,4,10,11,9.61
489,2026-05-24,Facebook,personal finance,image,new campaign update for personal finance #personalfinance,0,Neutral,837,22,16,8,12,6.93
490,2026-01-14,TikTok,personal finance,text,simple dashboard insights for personal finance #personalfinance,1,Positive,1242,103,11,12,21,11.84
491,2026-05-31,TikTok,personal finance,carousel,product feature overview for personal finance #personalfinance,0,Neutral,1832,47,27,24,25,6.71
492,2026-04-27,Facebook,data analytics,text,slow support problem for data analytics #dataanalytics,-2,Negative,731,52,15,2,8,10.53
493,2026-06-19,Instagram,mobile money,video,confusing user journey for mobile money #mobilemoney,-1,Negative,1413,38,27,20,5,6.37
494,2026-06-14,X,marketing,video,fast mobile money growth for marketing #marketing,2,Positive,1270,90,8,17,10,9.84
495,2026-03-18,TikTok,ecommerce,short,confusing user journey for ecommerce #ecommerce,-1,Negative,2102,61,37,30,16,6.85
496,2026-08-18,TikTok,data analytics,text,customer feedback summary for data analytics #dataanalytics,0,Neutral,1108,73,5,3,15,8.66
497,2026-04-12,LinkedIn,fintech,short,trusted customer service for fintech #fintech,1,Positive,1591,109,25,28,6,10.56
498,2026-05-03,Instagram,mobile money,short,slow support problem for mobile money #mobilemoney,-2,Negative,1571,102,13,15,10,8.91
499,2026-08-03,X,ecommerce,image,clear financial education for ecommerce #ecommerce,1,Positive,987,71,8,6,2,8.81
500,2026-08-11,X,mobile money,short,new campaign update for mobile money #mobilemoney,0,Neutral,1472,87,33,9,15,9.78
501,2026-06-27,Facebook,ecommerce,text,product feature overview for ecommerce #ecommerce,0,Neutral,661,27,6,3,8,6.66
502,2026-08-02,TikTok,mobile money,image,brand awareness post for mobile money #mobilemoney,0,Neutral,1240,42,23,10,4,6.37
503,2026-02-20,Facebook,personal finance,image,slow support problem for personal finance #personalfinance,-2,Negative,771,48,9,14,4,9.73
504,2026-06-09,X,marketing,carousel,trusted customer service for marketing #marketing,1,Positive,924,90,9,8,13,12.99
505,2026-09-13,Instagram,mobile money,carousel,smart data analytics for mobile money #mobilemoney,1,Positive,2176,144,38,11,12,9.42
506,2026-04-12,Instagram,fintech,video,slow support problem for fintech #fintech,-2,Negative,1894,94,19,34,13,8.45
507,2026-05-27,Instagram,ecommerce,carousel,slow support problem for ecommerce #ecommerce,-2,Negative,1138,82,6,26,15,11.34
508,2026-06-04,Facebook,data analytics,text,risky payment delay for data analytics #dataanalytics,-1,Negative,448,23,3,4,6,8.04
509,2026-01-28,TikTok,ecommerce,short,product feature overview for ecommerce #ecommerce,0,Neutral,2428,95,33,15,10,6.3
510,2026-05-01,Facebook,personal finance,image,simple dashboard insights for personal finance #personalfinance,1,Positive,1014,98,10,20,10,13.61
511,2026-04-05,Instagram,small business,image,trusted customer service for small business #smallbusiness,1,Positive,1518,52,31,22,26,8.63
512,2026-05-08,LinkedIn,mobile money,carousel,new campaign update for mobile money #mobilemoney,0,Neutral,1277,55,25,8,17,8.22
513,2026-02-25,LinkedIn,mobile money,short,clear financial education for mobile money #mobilemoney,1,Positive,1695,137,8,37,15,11.62
514,2026-06-13,Facebook,data analytics,short,trusted customer service for data analytics #dataanalytics,1,Positive,1332,130,14,35,23,15.17
515,2026-07-22,LinkedIn,ecommerce,carousel,simple dashboard insights for ecommerce #ecommerce,1,Positive,1124,36,15,20,4,6.67
516,2026-08-14,TikTok,small business,short,risky payment delay for small business #smallbusiness,-1,Negative,1759,83,21,23,25,8.64
517,2026-08-12,LinkedIn,fintech,text,trusted customer service for fintech #fintech,1,Positive,900,29,12,3,4,5.33
518,2026-02-26,X,ecommerce,carousel,expensive campaign loss for ecommerce #ecommerce,-2,Negative,613,43,9,4,4,9.79
519,2026-06-19,Facebook,marketing,text,trusted customer service for marketing #marketing,1,Positive,375,32,2,4,4,11.2
520,2026-01-08,Facebook,personal finance,video,brand awareness post for personal finance #personalfinance,0,Neutral,1282,72,9,16,4,7.88
521,2026-02-10,Instagram,ecommerce,short,smart data analytics for ecommerce #ecommerce,1,Positive,1806,157,43,9,14,12.35
522,2026-05-18,Facebook,data analytics,image,confusing user journey for data analytics #dataanalytics,-1,Negative,950,20,14,16,16,6.95
523,2026-07-16,Instagram,mobile money,video,weekly market note for mobile money #mobilemoney,0,Neutral,1733,56,22,17,14,6.29
524,2026-03-09,TikTok,personal finance,image,trusted customer service for personal finance #personalfinance,1,Positive,1770,142,12,33,17,11.53
525,2026-03-11,Facebook,small business,video,expensive campaign loss for small business #smallbusiness,-2,Negative,821,58,20,23,14,14.01
526,2026-08-05,X,personal finance,carousel,customer feedback summary for personal finance #personalfinance,0,Neutral,1381,97,15,13,20,10.5
527,2026-05-09,X,mobile money,carousel,fast mobile money growth for mobile money #mobilemoney,2,Positive,838,60,20,6,1,10.38
528,2026-06-11,Facebook,marketing,video,trusted customer service for marketing #marketing,1,Positive,1543,108,37,41,17,13.16
529,2026-05-17,Facebook,data analytics,text,smart data analytics for data analytics #dataanalytics,1,Positive,975,92,14,11,15,13.54
530,2026-09-11,Facebook,personal finance,video,new campaign update for personal finance #personalfinance,0,Neutral,1277,56,24,13,8,7.91
531,2026-05-05,TikTok,data analytics,carousel,trusted customer service for data analytics #dataanalytics,1,Positive,2479,254,48,29,40,14.97
532,2026-02-19,Facebook,mobile money,carousel,risky payment delay for mobile money #mobilemoney,-1,Negative,947,63,4,7,2,8.03
533,2026-06-24,X,personal finance,short,trusted customer service for personal finance #personalfinance,1,Positive,1168,90,12,18,6,10.79
534,2026-04-04,TikTok,mobile money,image,simple dashboard insights for mobile money #mobilemoney,1,Positive,2312,172,19,9,33,10.08
535,2026-03-09,Instagram,fintech,short,risky payment delay for fintech #fintech,-1,Negative,1511,49,21,39,11,7.94
536,2026-05-27,TikTok,small business,video,risky payment delay for small business #smallbusiness,-1,Negative,1987,66,24,22,5,5.89
537,2026-04-20,X,personal finance,short,smart data analytics for personal finance #personalfinance,1,Positive,1016,78,17,21,2,11.61
538,2026-03-06,LinkedIn,fintech,short,fast mobile money growth for fintech #fintech,2,Positive,1466,83,19,13,6,8.25
539,2026-07-25,Facebook,small business,image,risky payment delay for small business #smallbusiness,-1,Negative,695,30,17,6,9,8.92
540,2026-02-28,X,fintech,video,trusted customer service for fintech #fintech,1,Positive,889,29,6,17,13,7.31
541,2026-03-29,TikTok,data analytics,image,weak engagement result for data analytics #dataanalytics,-1,Negative,1268,34,25,15,21,7.49
542,2026-04-04,X,small business,video,risky payment delay for small business #smallbusiness,-1,Negative,713,16,9,20,9,7.57
543,2026-03-23,TikTok,marketing,video,trusted customer service for marketing #marketing,1,Positive,2701,213,64,72,42,14.48
544,2026-04-30,TikTok,mobile money,carousel,customer feedback summary for mobile money #mobilemoney,0,Neutral,1736,82,21,21,6,7.49
545,2026-02-22,LinkedIn,fintech,video,simple dashboard insights for fintech #fintech,1,Positive,1431,133,5,8,25,11.95
546,2026-05-12,LinkedIn,small business,video,slow support problem for small business #smallbusiness,-2,Negative,1309,57,12,32,7,8.25
547,2026-09-08,X,fintech,short,trusted customer service for fintech #fintech,1,Positive,1363,109,24,14,24,12.55
548,2026-08-28,Facebook,mobile money,image,simple dashboard insights for mobile money #mobilemoney,1,Positive,990,87,5,18,8,11.92
549,2026-02-26,X,fintech,image,fast mobile money growth for fintech #fintech,2,Positive,781,54,4,2,10,8.96
550,2026-05-19,TikTok,fintech,short,weak engagement result for fintech #fintech,-1,Negative,1904,102,22,40,6,8.93
551,2026-07-23,Instagram,mobile money,video,risky payment delay for mobile money #mobilemoney,-1,Negative,1383,35,28,10,21,6.8
552,2026-04-01,Instagram,mobile money,short,weekly market note for mobile money #mobilemoney,0,Neutral,1937,54,47,34,31,8.57
553,2026-08-03,LinkedIn,personal finance,short,slow support problem for personal finance #personalfinance,-2,Negative,817,51,18,13,13,11.63
554,2026-01-07,Instagram,fintech,carousel,clear financial education for fintech #fintech,1,Positive,1769,137,30,21,28,12.21
555,2026-01-26,Instagram,small business,text,expensive campaign loss for small business #smallbusiness,-2,Negative,806,30,11,11,9,7.57
556,2026-06-26,LinkedIn,fintech,short,product feature overview for fintech #fintech,0,Neutral,1095,31,17,11,13,6.58
557,2026-01-26,TikTok,mobile money,video,simple dashboard insights for mobile money #mobilemoney,1,Positive,3049,234,53,79,10,12.33
558,2026-01-19,Facebook,personal finance,carousel,fast mobile money growth for personal finance #personalfinance,2,Positive,1109,74,26,21,8,11.63
559,2026-03-01,LinkedIn,fintech,short,weak engagement result for fintech #fintech,-1,Negative,1211,41,18,8,15,6.77
560,2026-09-13,TikTok,data analytics,text,weekly market note for data analytics #dataanalytics,0,Neutral,868,68,12,3,12,10.94
561,2026-08-21,Instagram,small business,image,clear financial education for small business #smallbusiness,1,Positive,1612,105,30,26,23,11.41
562,2026-08-07,LinkedIn,mobile money,text,new campaign update for mobile money #mobilemoney,0,Neutral,770,32,12,7,5,7.27
563,2026-03-30,LinkedIn,ecommerce,short,clear financial education for ecommerce #ecommerce,1,Positive,1762,65,15,19,7,6.02
564,2026-08-17,Instagram,mobile money,text,simple dashboard insights for mobile money #mobilemoney,1,Positive,1380,135,21,11,22,13.7
565,2026-07-25,LinkedIn,small business,carousel,fast mobile money growth for small business #smallbusiness,2,Positive,1285,86,23,20,15,11.21
566,2026-07-14,X,fintech,image,confusing user journey for fintech #fintech,-1,Negative,811,32,3,14,8,7.03
567,2026-06-14,Instagram,fintech,video,expensive campaign loss for fintech #fintech,-2,Negative,1401,51,19,38,22,9.28
568,2026-06-17,X,mobile money,text,fast mobile money growth for mobile money #mobilemoney,2,Positive,611,44,14,1,6,10.64
569,2026-06-12,LinkedIn,personal finance,carousel,trusted customer service for personal finance #personalfinance,1,Positive,1295,102,18,29,19,12.97
570,2026-09-02,X,fintech,image,weak engagement result for fintech #fintech,-1,Negative,539,12,12,5,3,5.94
571,2026-04-06,Instagram,fintech,text,simple dashboard insights for fintech #fintech,1,Positive,1018,73,14,11,8,10.41
572,2026-08-03,Facebook,fintech,text,risky payment delay for fintech #fintech,-1,Negative,552,20,10,4,4,6.88
573,2026-01-14,TikTok,marketing,short,simple dashboard insights for marketing #marketing,1,Positive,2311,209,26,53,32,13.85
574,2026-01-11,LinkedIn,personal finance,text,expensive campaign loss for personal finance #personalfinance,-2,Negative,430,23,3,2,6,7.91
575,2026-06-06,Instagram,fintech,image,expensive campaign loss for fintech #fintech,-2,Negative,958,20,23,5,4,5.43
576,2026-04-19,Instagram,small business,short,trusted customer service for small business #smallbusiness,1,Positive,2058,127,41,24,11,9.86
577,2026-07-08,Facebook,marketing,carousel,customer feedback summary for marketing #marketing,0,Neutral,982,53,14,21,9,9.88
578,2026-06-12,TikTok,personal finance,video,expensive campaign loss for personal finance #personalfinance,-2,Negative,1912,93,26,10,31,8.37
579,2026-03-03,TikTok,personal finance,text,trusted customer service for personal finance #personalfinance,1,Positive,1583,113,32,23,10,11.24
580,2026-03-20,X,fintech,text,brand awareness post for fintech #fintech,0,Neutral,438,38,6,5,5,12.33
581,2026-02-08,TikTok,ecommerce,video,simple dashboard insights for ecommerce #ecommerce,1,Positive,3099,115,65,69,22,8.74
582,2026-04-15,TikTok,data analytics,image,clear financial education for data analytics #dataanalytics,1,Positive,1877,106,11,36,15,8.95
583,2026-08-21,X,mobile money,text,brand awareness post for mobile money #mobilemoney,0,Neutral,240,12,4,2,2,8.33
584,2026-04-11,Facebook,personal finance,image,new campaign update for personal finance #personalfinance,0,Neutral,810,51,8,14,1,9.14
585,2026-09-14,Instagram,marketing,video,smart data analytics for marketing #marketing,1,Positive,2203,185,51,51,11,13.53
586,2026-08-27,Facebook,data analytics,video,weekly market note for data analytics #dataanalytics,0,Neutral,1050,36,14,7,9,6.29
587,2026-06-10,X,personal finance,image,brand awareness post for personal finance #personalfinance,0,Neutral,980,57,4,7,16,8.57
588,2026-05-01,Facebook,fintech,video,weekly market note for fintech #fintech,0,Neutral,947,57,9,9,12,9.19
589,2026-03-01,LinkedIn,ecommerce,text,fast mobile money growth for ecommerce #ecommerce,2,Positive,842,46,14,10,12,9.74
590,2026-07-16,LinkedIn,mobile money,video,expensive campaign loss for mobile money #mobilemoney,-2,Negative,1188,37,17,19,15,7.41
591,2026-07-29,Facebook,fintech,image,product feature overview for fintech #fintech,0,Neutral,776,66,8,15,8,12.5
592,2026-08-16,LinkedIn,small business,short,risky payment delay for small business #smallbusiness,-1,Negative,959,28,19,5,10,6.47
593,2026-03-21,X,fintech,short,smart data analytics for fintech #fintech,1,Positive,927,39,5,24,2,7.55
594,2026-09-02,X,fintech,carousel,weak engagement result for fintech #fintech,-1,Negative,890,28,7,9,3,5.28
595,2026-06-12,TikTok,personal finance,text,risky payment delay for personal finance #personalfinance,-1,Negative,1022,66,16,9,14,10.27
596,2026-09-16,LinkedIn,small business,short,product feature overview for small business #smallbusiness,0,Neutral,1004,38,11,10,10,6.87
597,2026-04-28,Facebook,mobile money,short,fast mobile money growth for mobile money #mobilemoney,2,Positive,1201,80,8,23,5,9.66
598,2026-08-16,Facebook,mobile money,carousel,risky payment delay for mobile money #mobilemoney,-1,Negative,737,20,17,14,12,8.55
599,2026-07-06,Facebook,marketing,image,weekly market note for marketing #marketing,0,Neutral,874,37,5,10,2,6.18
600,2026-07-16,TikTok,fintech,video,brand awareness post for fintech #fintech,0,Neutral,2320,150,45,40,6,10.39
601,2026-02-12,Facebook,mobile money,video,customer feedback summary for mobile money #mobilemoney,0,Neutral,1220,86,23,29,21,13.03
602,2026-07-01,Facebook,marketing,image,clear financial education for marketing #marketing,1,Positive,627,58,12,11,10,14.51
603,2026-01-04,LinkedIn,marketing,video,weak engagement result for marketing #marketing,-1,Negative,1388,60,33,28,15,9.8
604,2026-01-07,Instagram,ecommerce,text,product feature overview for ecommerce #ecommerce,0,Neutral,1205,98,12,15,7,10.95
605,2026-07-16,TikTok,small business,short,product feature overview for small business #smallbusiness,0,Neutral,2219,199,40,40,16,13.29
606,2026-03-04,Instagram,fintech,text,fast mobile money growth for fintech #fintech,2,Positive,965,86,23,4,8,12.54
607,2026-05-25,Facebook,personal finance,short,weak engagement result for personal finance #personalfinance,-1,Negative,1039,31,18,11,2,5.97
608,2026-02-15,Facebook,personal finance,carousel,confusing user journey for personal finance #personalfinance,-1,Negative,677,31,15,14,5,9.6
609,2026-02-19,X,small business,video,fast mobile money growth for small business #smallbusiness,2,Positive,1557,93,11,31,9,9.25
610,2026-07-19,X,mobile money,short,fast mobile money growth for mobile money #mobilemoney,2,Positive,1307,101,17,6,13,10.48
611,2026-05-11,TikTok,ecommerce,short,weekly market note for ecommerce #ecommerce,0,Neutral,2173,150,14,46,32,11.14
612,2026-01-25,TikTok,marketing,text,new campaign update for marketing #marketing,0,Neutral,1284,78,27,17,16,10.75
613,2026-08-25,X,fintech,short,clear financial education for fintech #fintech,1,Positive,1241,57,14,8,12,7.33
614,2026-04-05,Instagram,fintech,carousel,clear financial education for fintech #fintech,1,Positive,2041,140,12,39,27,10.68
615,2026-02-27,TikTok,ecommerce,carousel,trusted customer service for ecommerce #ecommerce,1,Positive,2333,245,34,44,20,14.7
616,2026-09-04,LinkedIn,fintech,image,product feature overview for fintech #fintech,0,Neutral,662,32,6,12,10,9.06
617,2026-01-30,Facebook,data analytics,image,brand awareness post for data analytics #dataanalytics,0,Neutral,621,23,12,12,6,8.53
618,2026-06-16,TikTok,ecommerce,video,expensive campaign loss for ecommerce #ecommerce,-2,Negative,2029,82,39,15,21,7.74
619,2026-04-10,Instagram,data analytics,video,fast mobile money growth for data analytics #dataanalytics,2,Positive,2118,212,45,20,27,14.35
620,2026-08-01,Facebook,small business,short,brand awareness post for small business #smallbusiness,0,Neutral,1152,43,22,29,7,8.77
621,2026-02-07,Facebook,ecommerce,short,confusing user journey for ecommerce #ecommerce,-1,Negative,985,42,19,10,17,8.93
622,2026-02-06,TikTok,marketing,image,clear financial education for marketing #marketing,1,Positive,1950,88,8,17,20,6.82
623,2026-07-06,LinkedIn,fintech,carousel,new campaign update for fintech #fintech,0,Neutral,1202,76,15,5,4,8.32
624,2026-04-01,Instagram,data analytics,text,brand awareness post for data analytics #dataanalytics,0,Neutral,1004,65,13,8,12,9.76
625,2026-04-19,TikTok,mobile money,text,clear financial education for mobile money #mobilemoney,1,Positive,1118,109,25,10,2,13.06
626,2026-03-08,TikTok,data analytics,text,trusted customer service for data analytics #dataanalytics,1,Positive,1723,81,24,5,12,7.08
627,2026-09-01,LinkedIn,personal finance,video,expensive campaign loss for personal finance #personalfinance,-2,Negative,1077,56,9,6,7,7.24
628,2026-01-08,TikTok,fintech,image,clear financial education for fintech #fintech,1,Positive,1876,78,38,7,3,6.72
629,2026-09-05,X,marketing,carousel,clear financial education for marketing #marketing,1,Positive,672,57,3,14,11,12.65
630,2026-07-16,TikTok,marketing,text,clear financial education for marketing #marketing,1,Positive,1614,117,17,22,7,10.1
631,2026-05-28,X,data analytics,image,trusted customer service for data analytics #dataanalytics,1,Positive,801,44,10,9,11,9.24
632,2026-09-03,LinkedIn,marketing,video,weak engagement result for marketing #marketing,-1,Negative,1250,81,22,7,16,10.08
633,2026-04-09,LinkedIn,small business,short,expensive campaign loss for small business #smallbusiness,-2,Negative,841,19,12,17,1,5.83
634,2026-04-23,Instagram,personal finance,short,simple dashboard insights for personal finance #personalfinance,1,Positive,1948,154,32,43,4,11.96
635,2026-03-14,LinkedIn,marketing,video,clear financial education for marketing #marketing,1,Positive,1815,127,41,19,8,10.74
636,2026-07-05,Instagram,ecommerce,short,clear financial education for ecommerce #ecommerce,1,Positive,2126,218,10,26,19,12.84
637,2026-08-12,TikTok,fintech,image,product feature overview for fintech #fintech,0,Neutral,1428,85,21,6,4,8.12
638,2026-01-09,TikTok,personal finance,carousel,new campaign update for personal finance #personalfinance,0,Neutral,1842,152,28,24,7,11.45
639,2026-03-15,LinkedIn,mobile money,carousel,smart data analytics for mobile money #mobilemoney,1,Positive,1529,74,12,20,15,7.91
640,2026-08-23,TikTok,personal finance,text,simple dashboard insights for personal finance #personalfinance,1,Positive,1235,125,28,17,12,14.74
641,2026-02-26,LinkedIn,marketing,short,simple dashboard insights for marketing #marketing,1,Positive,1503,108,18,6,22,10.25
642,2026-04-19,X,personal finance,short,risky payment delay for personal finance #personalfinance,-1,Negative,833,37,12,17,10,9.12
643,2026-04-18,Facebook,data analytics,video,fast mobile money growth for data analytics #dataanalytics,2,Positive,1460,71,7,42,15,9.25
644,2026-03-01,Facebook,fintech,image,simple dashboard insights for fintech #fintech,1,Positive,1179,85,6,6,8,8.91
645,2026-07-25,Facebook,data analytics,carousel,weak engagement result for data analytics #dataanalytics,-1,Negative,922,29,13,16,14,7.81
646,2026-06-03,TikTok,data analytics,image,clear financial education for data analytics #dataanalytics,1,Positive,1976,169,41,20,24,12.85
647,2026-03-01,Facebook,ecommerce,video,product feature overview for ecommerce #ecommerce,0,Neutral,1596,126,23,42,6,12.34
648,2026-01-02,LinkedIn,data analytics,text,trusted customer service for data analytics #dataanalytics,1,Positive,1037,89,4,4,5,9.84
649,2026-08-02,TikTok,personal finance,text,customer feedback summary for personal finance #personalfinance,0,Neutral,1130,90,7,3,9,9.65
650,2026-09-14,X,mobile money,short,clear financial education for mobile money #mobilemoney,1,Positive,974,62,17,18,13,11.29
651,2026-09-08,TikTok,small business,short,fast mobile money growth for small business #smallbusiness,2,Positive,2607,208,25,43,43,12.24
652,2026-01-31,Facebook,fintech,image,brand awareness post for fintech #fintech,0,Neutral,639,46,7,2,4,9.23
653,2026-01-15,Facebook,mobile money,image,fast mobile money growth for mobile money #mobilemoney,2,Positive,998,68,17,18,13,11.62
654,2026-06-16,LinkedIn,mobile money,video,brand awareness post for mobile money #mobilemoney,0,Neutral,1533,62,27,32,5,8.22
655,2026-06-19,Facebook,small business,text,risky payment delay for small business #smallbusiness,-1,Negative,444,14,4,1,7,5.86
656,2026-07-22,Facebook,ecommerce,video,simple dashboard insights for ecommerce #ecommerce,1,Positive,1131,44,9,19,9,7.16
657,2026-03-13,Instagram,personal finance,image,product feature overview for personal finance #personalfinance,0,Neutral,1144,37,21,4,11,6.38
658,2026-04-18,Facebook,mobile money,short,smart data analytics for mobile money #mobilemoney,1,Positive,1296,72,10,14,4,7.72
659,2026-07-28,Facebook,data analytics,video,brand awareness post for data analytics #dataanalytics,0,Neutral,1117,73,17,17,8,10.3
660,2026-05-16,TikTok,ecommerce,carousel,confusing user journey for ecommerce #ecommerce,-1,Negative,1573,64,19,11,24,7.5
661,2026-03-13,Instagram,marketing,carousel,simple dashboard insights for marketing #marketing,1,Positive,1977,197,35,43,24,15.12
662,2026-08-16,X,personal finance,text,risky payment delay for personal finance #personalfinance,-1,Negative,218,4,4,2,0,4.59
663,2026-03-14,LinkedIn,fintech,video,fast mobile money growth for fintech #fintech,2,Positive,1618,161,17,36,8,13.72
664,2026-09-03,TikTok,ecommerce,short,product feature overview for ecommerce #ecommerce,0,Neutral,2103,58,50,49,32,8.99
665,2026-08-16,Instagram,fintech,short,trusted customer service for fintech #fintech,1,Positive,2035,186,34,44,26,14.25
666,2026-01-03,TikTok,fintech,image,smart data analytics for fintech #fintech,1,Positive,2023,66,12,26,6,5.44
667,2026-02-22,LinkedIn,personal finance,image,simple dashboard insights for personal finance #personalfinance,1,Positive,1044,83,5,5,7,9.58
668,2026-07-15,Facebook,small business,text,trusted customer service for small business #smallbusiness,1,Positive,560,32,13,5,2,9.29
669,2026-05-29,X,personal finance,video,weekly market note for personal finance #personalfinance,0,Neutral,1083,93,13,12,13,12.1
670,2026-08-13,X,personal finance,video,confusing user journey for personal finance #personalfinance,-1,Negative,1150,80,17,23,15,11.74
671,2026-07-07,LinkedIn,personal finance,carousel,brand awareness post for personal finance #personalfinance,0,Neutral,1043,93,12,6,12,11.79
672,2026-01-08,X,marketing,text,simple dashboard insights for marketing #marketing,1,Positive,832,39,11,10,9,8.29
673,2026-02-08,X,marketing,text,fast mobile money growth for marketing #marketing,2,Positive,589,32,10,2,2,7.81
674,2026-08-25,Instagram,ecommerce,image,fast mobile money growth for ecommerce #ecommerce,2,Positive,1728,52,27,29,18,7.29
675,2026-04-06,X,data analytics,carousel,weak engagement result for data analytics #dataanalytics,-1,Negative,606,40,8,12,10,11.55
676,2026-08-30,TikTok,fintech,carousel,fast mobile money growth for fintech #fintech,2,Positive,2430,181,25,55,19,11.52
677,2026-03-13,LinkedIn,fintech,text,weekly market note for fintech #fintech,0,Neutral,789,43,10,5,6,8.11
678,2026-05-05,TikTok,ecommerce,short,fast mobile money growth for ecommerce #ecommerce,2,Positive,2804,83,43,16,13,5.53
679,2026-04-07,X,marketing,image,trusted customer service for marketing #marketing,1,Positive,905,38,21,15,4,8.62
680,2026-05-05,Instagram,ecommerce,short,brand awareness post for ecommerce #ecommerce,0,Neutral,1838,109,8,23,32,9.36
681,2026-05-10,Instagram,data analytics,image,weekly market note for data analytics #dataanalytics,0,Neutral,1021,58,24,18,15,11.26
682,2026-01-15,LinkedIn,data analytics,text,trusted customer service for data analytics #dataanalytics,1,Positive,864,74,16,9,11,12.73
683,2026-02-27,TikTok,fintech,text,weak engagement result for fintech #fintech,-1,Negative,929,23,22,7,7,6.35
684,2026-01-27,Instagram,marketing,carousel,customer feedback summary for marketing #marketing,0,Neutral,1601,40,23,26,12,6.31
685,2026-01-01,TikTok,marketing,text,brand awareness post for marketing #marketing,0,Neutral,1173,56,29,5,13,8.78
686,2026-06-15,Instagram,mobile money,text,risky payment delay for mobile money #mobilemoney,-1,Negative,178,6,3,1,2,6.74
687,2026-02-19,Facebook,data analytics,video,clear financial education for data analytics #dataanalytics,1,Positive,1523,159,25,40,7,15.17
688,2026-09-04,Instagram,data analytics,video,slow support problem for data analytics #dataanalytics,-2,Negative,1848,99,25,9,12,7.85
689,2026-08-15,TikTok,small business,short,fast mobile money growth for small business #smallbusiness,2,Positive,2375,109,25,44,26,8.59
690,2026-01-22,TikTok,marketing,carousel,weak engagement result for marketing #marketing,-1,Negative,1601,116,17,30,7,10.62
691,2026-06-02,LinkedIn,personal finance,text,customer feedback summary for personal finance #personalfinance,0,Neutral,895,46,9,4,13,8.04
692,2026-05-29,LinkedIn,mobile money,text,customer feedback summary for mobile money #mobilemoney,0,Neutral,844,71,7,10,5,11.02
693,2026-03-10,TikTok,mobile money,text,weekly market note for mobile money #mobilemoney,0,Neutral,989,83,4,7,4,9.91
694,2026-04-13,Facebook,mobile money,image,fast mobile money growth for mobile money #mobilemoney,2,Positive,1104,34,20,13,13,7.25
695,2026-05-26,Instagram,ecommerce,image,slow support problem for ecommerce #ecommerce,-2,Negative,1184,63,7,15,7,7.77
696,2026-05-23,X,fintech,video,smart data analytics for fintech #fintech,1,Positive,1082,112,20,9,14,14.33
697,2026-08-23,Instagram,small business,carousel,trusted customer service for small business #smallbusiness,1,Positive,2051,201,16,21,11,12.14
698,2026-08-07,Instagram,data analytics,text,clear financial education for data analytics #dataanalytics,1,Positive,1202,68,13,14,8,8.57
699,2026-06-25,X,fintech,text,product feature overview for fintech #fintech,0,Neutral,555,23,11,2,6,7.57
700,2026-02-15,Instagram,marketing,video,trusted customer service for marketing #marketing,1,Positive,2359,155,27,66,24,11.53
701,2026-03-12,TikTok,fintech,image,clear financial education for fintech #fintech,1,Positive,2003,162,41,35,24,13.08
702,2026-05-17,Facebook,ecommerce,short,clear financial education for ecommerce #ecommerce,1,Positive,1166,105,9,13,16,12.26
703,2026-07-11,Instagram,personal finance,image,slow support problem for personal finance #personalfinance,-2,Negative,1243,90,18,23,8,11.18
704,2026-02-20,TikTok,small business,short,new campaign update for small business #smallbusiness,0,Neutral,2131,177,22,20,14,10.93
705,2026-04-05,Instagram,small business,carousel,clear financial education for small business #smallbusiness,1,Positive,1691,116,19,30,11,10.41
706,2026-07-30,X,personal finance,video,new campaign update for personal finance #personalfinance,0,Neutral,996,54,21,24,13,11.24
707,2026-04-22,LinkedIn,mobile money,short,slow support problem for mobile money #mobilemoney,-2,Negative,1015,59,19,16,2,9.46
708,2026-07-23,Facebook,data analytics,video,fast mobile money growth for data analytics #dataanalytics,2,Positive,1528,133,13,6,20,11.26
709,2026-08-19,Instagram,personal finance,text,slow support problem for personal finance #personalfinance,-2,Negative,802,24,5,6,8,5.36
710,2026-07-16,TikTok,marketing,carousel,new campaign update for marketing #marketing,0,Neutral,2069,179,17,27,33,12.37
711,2026-03-07,LinkedIn,mobile money,text,smart data analytics for mobile money #mobilemoney,1,Positive,1225,81,16,5,4,8.65
712,2026-03-31,X,mobile money,video,smart data analytics for mobile money #mobilemoney,1,Positive,1225,85,25,28,15,12.49
713,2026-05-17,LinkedIn,personal finance,short,simple dashboard insights for personal finance #personalfinance,1,Positive,1706,180,37,39,14,15.83
714,2026-02-03,TikTok,ecommerce,video,expensive campaign loss for ecommerce #ecommerce,-2,Negative,2224,129,53,39,27,11.15
715,2026-07-18,Instagram,mobile money,carousel,confusing user journey for mobile money #mobilemoney,-1,Negative,1033,59,20,5,12,9.29
716,2026-06-15,X,marketing,video,simple dashboard insights for marketing #marketing,1,Positive,1227,53,13,28,12,8.64
717,2026-02-10,LinkedIn,fintech,image,trusted customer service for fintech #fintech,1,Positive,1031,30,12,20,4,6.4
718,2026-05-13,Facebook,mobile money,image,weekly market note for mobile money #mobilemoney,0,Neutral,867,42,10,12,5,7.96
719,2026-06-23,Instagram,small business,carousel,trusted customer service for small business #smallbusiness,1,Positive,2064,179,14,18,29,11.63
720,2026-04-04,X,data analytics,short,trusted customer service for data analytics #dataanalytics,1,Positive,1334,89,26,13,19,11.02
721,2026-08-29,Facebook,mobile money,image,simple dashboard insights for mobile money #mobilemoney,1,Positive,1259,98,21,23,9,11.99
722,2026-08-14,TikTok,marketing,carousel,clear financial education for marketing #marketing,1,Positive,2256,229,20,49,33,14.67
723,2026-02-20,Facebook,small business,short,smart data analytics for small business #smallbusiness,1,Positive,1218,107,18,22,5,12.48
724,2026-07-22,LinkedIn,personal finance,image,brand awareness post for personal finance #personalfinance,0,Neutral,907,68,10,3,4,9.37
725,2026-03-03,TikTok,personal finance,image,customer feedback summary for personal finance #personalfinance,0,Neutral,1879,77,8,25,29,7.4
726,2026-05-17,X,small business,video,new campaign update for small business #smallbusiness,0,Neutral,1170,69,17,25,14,10.68
727,2026-08-15,Instagram,fintech,video,clear financial education for fintech #fintech,1,Positive,2344,224,15,47,5,12.41
728,2026-09-18,Instagram,fintech,image,expensive campaign loss for fintech #fintech,-2,Negative,914,51,21,8,8,9.63
729,2026-04-10,TikTok,ecommerce,image,clear financial education for ecommerce #ecommerce,1,Positive,2204,181,41,35,25,12.79
730,2026-07-26,TikTok,personal finance,video,fast mobile money growth for personal finance #personalfinance,2,Positive,3074,107,58,51,8,7.29
731,2026-01-03,LinkedIn,mobile money,video,weekly market note for mobile money #mobilemoney,0,Neutral,1190,56,5,17,16,7.9
732,2026-08-10,TikTok,marketing,short,weak engagement result for marketing #marketing,-1,Negative,1922,99,22,35,18,9.05
733,2026-04-11,LinkedIn,fintech,image,trusted customer service for fintech #fintech,1,Positive,1130,40,19,5,13,6.81
734,2026-05-27,Instagram,fintech,video,weekly market note for fintech #fintech,0,Neutral,1998,159,26,9,33,11.36
735,2026-08-24,Facebook,personal finance,short,product feature overview for personal finance #personalfinance,0,Neutral,1035,76,7,5,8,9.28
736,2026-04-30,Facebook,ecommerce,video,fast mobile money growth for ecommerce #ecommerce,2,Positive,1457,131,7,14,20,11.81
737,2026-03-10,Instagram,data analytics,short,smart data analytics for data analytics #dataanalytics,1,Positive,1824,92,27,48,23,10.42
738,2026-07-04,TikTok,personal finance,text,expensive campaign loss for personal finance #personalfinance,-2,Negative,921,66,15,7,7,10.31
739,2026-08-07,Facebook,data analytics,carousel,smart data analytics for data analytics #dataanalytics,1,Positive,1287,125,14,26,19,14.3
740,2026-02-02,TikTok,mobile money,carousel,new campaign update for mobile money #mobilemoney,0,Neutral,2068,130,28,31,10,9.62
741,2026-03-18,Instagram,ecommerce,carousel,confusing user journey for ecommerce #ecommerce,-1,Negative,1015,52,20,19,7,9.66
742,2026-04-03,Facebook,mobile money,text,weekly market note for mobile money #mobilemoney,0,Neutral,591,51,4,4,7,11.17
743,2026-02-23,LinkedIn,mobile money,video,confusing user journey for mobile money #mobilemoney,-1,Negative,1004,41,20,17,10,8.76
744,2026-03-29,Instagram,ecommerce,text,smart data analytics for ecommerce #ecommerce,1,Positive,1179,38,8,5,16,5.68
745,2026-07-14,LinkedIn,personal finance,image,smart data analytics for personal finance #personalfinance,1,Positive,838,46,20,8,7,9.67
746,2026-03-24,Instagram,personal finance,carousel,product feature overview for personal finance #personalfinance,0,Neutral,1749,113,23,19,20,10.01
747,2026-01-24,TikTok,ecommerce,carousel,weekly market note for ecommerce #ecommerce,0,Neutral,1593,132,17,6,20,10.99
748,2026-05-22,TikTok,small business,video,slow support problem for small business #smallbusiness,-2,Negative,1881,135,7,11,16,8.98
749,2026-05-14,TikTok,marketing,text,new campaign update for marketing #marketing,0,Neutral,992,47,16,6,12,8.17
750,2026-07-04,X,personal finance,carousel,weekly market note for personal finance #personalfinance,0,Neutral,839,48,18,15,12,11.08
751,2026-08-23,X,fintech,short,confusing user journey for fintech #fintech,-1,Negative,899,58,20,4,7,9.9
752,2026-08-01,Facebook,data analytics,short,weak engagement result for data analytics #dataanalytics,-1,Negative,896,53,20,10,15,10.94
753,2026-02-10,Instagram,fintech,image,slow support problem for fintech #fintech,-2,Negative,1044,36,22,16,16,8.62
754,2026-01-10,Instagram,fintech,image,product feature overview for fintech #fintech,0,Neutral,1231,74,24,5,15,9.59
755,2026-09-11,Facebook,small business,short,new campaign update for small business #smallbusiness,0,Neutral,1061,88,12,25,6,12.35
756,2026-08-23,LinkedIn,marketing,carousel,trusted customer service for marketing #marketing,1,Positive,1400,119,25,23,6,12.36
757,2026-05-09,Facebook,ecommerce,text,trusted customer service for ecommerce #ecommerce,1,Positive,922,63,8,7,5,9.0
758,2026-06-15,LinkedIn,marketing,text,customer feedback summary for marketing #marketing,0,Neutral,421,21,5,1,4,7.36
759,2026-02-21,TikTok,mobile money,image,fast mobile money growth for mobile money #mobilemoney,2,Positive,2041,153,25,10,33,10.83
760,2026-04-27,LinkedIn,data analytics,text,new campaign update for data analytics #dataanalytics,0,Neutral,220,14,3,1,2,9.09
761,2026-05-13,Facebook,mobile money,video,trusted customer service for mobile money #mobilemoney,1,Positive,1641,73,21,37,8,8.47
762,2026-06-12,LinkedIn,data analytics,short,simple dashboard insights for data analytics #dataanalytics,1,Positive,1678,77,19,33,17,8.7
763,2026-04-22,X,data analytics,text,weak engagement result for data analytics #dataanalytics,-1,Negative,255,8,2,1,4,5.88
764,2026-02-04,X,small business,image,customer feedback summary for small business #smallbusiness,0,Neutral,809,58,10,5,10,10.26
765,2026-03-06,LinkedIn,fintech,video,clear financial education for fintech #fintech,1,Positive,1752,170,13,43,27,14.44
766,2026-01-19,Instagram,small business,text,new campaign update for small business #smallbusiness,0,Neutral,910,66,12,12,6,10.55
767,2026-07-01,LinkedIn,mobile money,video,slow support problem for mobile money #mobilemoney,-2,Negative,1023,75,7,24,17,12.02
768,2026-01-25,Facebook,small business,video,new campaign update for small business #smallbusiness,0,Neutral,1365,119,24,33,8,13.48
769,2026-08-29,Instagram,mobile money,image,smart data analytics for mobile money #mobilemoney,1,Positive,1603,125,19,12,23,11.17
770,2026-04-13,TikTok,data analytics,image,weekly market note for data analytics #dataanalytics,0,Neutral,1768,131,41,8,31,11.93
771,2026-02-16,Instagram,marketing,image,new campaign update for marketing #marketing,0,Neutral,1394,80,28,14,9,9.4
772,2026-03-15,LinkedIn,ecommerce,carousel,trusted customer service for ecommerce #ecommerce,1,Positive,1217,73,14,7,11,8.63
773,2026-05-01,Facebook,marketing,image,smart data analytics for marketing #marketing,1,Positive,1002,30,4,10,12,5.59
774,2026-08-31,Instagram,small business,image,expensive campaign loss for small business #smallbusiness,-2,Negative,1232,49,27,19,21,9.42
775,2026-06-17,Instagram,ecommerce,carousel,trusted customer service for ecommerce #ecommerce,1,Positive,1872,137,23,37,25,11.86
776,2026-08-21,TikTok,ecommerce,video,smart data analytics for ecommerce #ecommerce,1,Positive,2879,125,52,45,17,8.3
777,2026-02-06,X,fintech,short,trusted customer service for fintech #fintech,1,Positive,1366,75,9,12,7,7.54
778,2026-08-18,LinkedIn,ecommerce,short,slow support problem for ecommerce #ecommerce,-2,Negative,984,37,22,24,13,9.76
779,2026-03-16,TikTok,marketing,carousel,smart data analytics for marketing #marketing,1,Positive,2538,93,32,12,40,6.97
780,2026-01-18,X,small business,carousel,simple dashboard insights for small business #smallbusiness,1,Positive,828,63,11,19,5,11.84
781,2026-05-22,Instagram,small business,video,trusted customer service for small business #smallbusiness,1,Positive,2245,151,9,21,12,8.6
782,2026-02-06,LinkedIn,small business,video,smart data analytics for small business #smallbusiness,1,Positive,1627,151,12,7,26,12.05
783,2026-01-17,Instagram,marketing,text,clear financial education for marketing #marketing,1,Positive,1095,46,5,2,17,6.39
784,2026-01-03,LinkedIn,fintech,carousel,smart data analytics for fintech #fintech,1,Positive,1493,44,12,10,23,5.96
785,2026-06-05,Facebook,mobile money,short,trusted customer service for mobile money #mobilemoney,1,Positive,1635,57,25,15,4,6.18
786,2026-08-27,Instagram,fintech,text,trusted customer service for fintech #fintech,1,Positive,1467,104,33,6,14,10.7
787,2026-06-06,TikTok,mobile money,carousel,customer feedback summary for mobile money #mobilemoney,0,Neutral,1949,82,34,24,7,7.54
788,2026-08-01,TikTok,mobile money,text,fast mobile money growth for mobile money #mobilemoney,2,Positive,1298,102,10,5,11,9.86
789,2026-06-20,LinkedIn,mobile money,text,smart data analytics for mobile money #mobilemoney,1,Positive,1034,103,15,6,8,12.77
790,2026-03-02,X,fintech,text,brand awareness post for fintech #fintech,0,Neutral,794,21,18,6,5,6.3
791,2026-02-10,Facebook,data analytics,carousel,new campaign update for data analytics #dataanalytics,0,Neutral,673,57,10,14,3,12.48
792,2026-04-04,LinkedIn,data analytics,video,new campaign update for data analytics #dataanalytics,0,Neutral,1626,97,9,22,18,8.98
793,2026-02-21,Facebook,personal finance,video,brand awareness post for personal finance #personalfinance,0,Neutral,1223,74,5,28,18,10.22
794,2026-06-17,X,fintech,text,risky payment delay for fintech #fintech,-1,Negative,451,9,2,1,5,3.77
795,2026-05-20,LinkedIn,marketing,carousel,risky payment delay for marketing #marketing,-1,Negative,708,20,5,7,5,5.23
796,2026-05-25,TikTok,marketing,text,product feature overview for marketing #marketing,0,Neutral,1145,70,27,16,2,10.04
797,2026-04-15,TikTok,ecommerce,short,simple dashboard insights for ecommerce #ecommerce,1,Positive,2894,144,50,59,27,9.68
798,2026-05-18,TikTok,ecommerce,carousel,clear financial education for ecommerce #ecommerce,1,Positive,2309,189,13,32,10,10.57
799,2026-02-25,X,ecommerce,image,trusted customer service for ecommerce #ecommerce,1,Positive,778,45,17,6,3,9.13
800,2026-01-23,X,fintech,short,expensive campaign loss for fintech #fintech,-2,Negative,961,56,16,10,7,9.26
801,2026-07-03,Instagram,fintech,short,clear financial education for fintech #fintech,1,Positive,1977,90,38,39,16,9.26
802,2026-04-14,TikTok,marketing,text,simple dashboard insights for marketing #marketing,1,Positive,1231,123,25,11,3,13.16
803,2026-07-09,Facebook,fintech,image,fast mobile money growth for fintech #fintech,2,Positive,407,21,6,2,6,8.6
804,2026-03-09,TikTok,fintech,text,slow support problem for fintech #fintech,-2,Negative,1246,28,17,14,12,5.7
805,2026-03-21,LinkedIn,marketing,text,fast mobile money growth for marketing #marketing,2,Positive,896,69,13,10,9,11.27
806,2026-06-12,TikTok,small business,short,new campaign update for small business #smallbusiness,0,Neutral,2099,176,8,41,28,12.05
807,2026-01-30,Instagram,small business,carousel,trusted customer service for small business #smallbusiness,1,Positive,2119,66,26,15,18,5.9
808,2026-01-13,TikTok,marketing,video,product feature overview for marketing #marketing,0,Neutral,2867,90,28,45,14,6.17
809,2026-02-16,Facebook,fintech,text,risky payment delay for fintech #fintech,-1,Negative,397,11,6,3,3,5.79
810,2026-05-14,Facebook,small business,text,smart data analytics for small business #smallbusiness,1,Positive,552,17,7,2,7,5.98
811,2026-08-15,X,small business,carousel,smart data analytics for small business #smallbusiness,1,Positive,1006,88,16,3,4,11.03
812,2026-05-19,LinkedIn,ecommerce,text,simple dashboard insights for ecommerce #ecommerce,1,Positive,434,35,6,6,0,10.83
813,2026-07-30,Instagram,small business,video,product feature overview for small business #smallbusiness,0,Neutral,1929,141,32,44,15,12.03
814,2026-08-09,X,data analytics,short,expensive campaign loss for data analytics #dataanalytics,-2,Negative,615,34,11,14,8,10.89
815,2026-01-23,TikTok,marketing,short,smart data analytics for marketing #marketing,1,Positive,2788,85,31,17,28,5.77
816,2026-08-29,LinkedIn,fintech,text,fast mobile money growth for fintech #fintech,2,Positive,840,52,10,12,6,9.52
817,2026-02-04,Instagram,marketing,image,confusing user journey for marketing #marketing,-1,Negative,909,27,10,11,2,5.5
818,2026-04-22,X,small business,text,confusing user journey for small business #smallbusiness,-1,Negative,483,10,2,1,7,4.14
819,2026-01-16,LinkedIn,data analytics,text,fast mobile money growth for data analytics #dataanalytics,2,Positive,571,60,13,4,4,14.19
820,2026-02-01,TikTok,data analytics,image,new campaign update for data analytics #dataanalytics,0,Neutral,1403,105,6,26,3,9.98
821,2026-02-04,TikTok,small business,carousel,fast mobile money growth for small business #smallbusiness,2,Positive,2374,88,36,26,5,6.53
822,2026-07-18,Instagram,marketing,video,expensive campaign loss for marketing #marketing,-2,Negative,1054,52,5,18,16,8.63
823,2026-07-08,Instagram,fintech,image,product feature overview for fintech #fintech,0,Neutral,1226,31,16,12,19,6.36
824,2026-06-19,Facebook,ecommerce,carousel,slow support problem for ecommerce #ecommerce,-2,Negative,881,42,6,15,15,8.85
825,2026-03-30,X,mobile money,text,slow support problem for mobile money #mobilemoney,-2,Negative,510,16,7,5,2,5.88
826,2026-03-19,TikTok,personal finance,video,customer feedback summary for personal finance #personalfinance,0,Neutral,2559,177,12,21,45,9.96
827,2026-07-02,TikTok,data analytics,video,confusing user journey for data analytics #dataanalytics,-1,Negative,1742,97,42,33,16,10.79
828,2026-04-12,TikTok,ecommerce,image,fast mobile money growth for ecommerce #ecommerce,2,Positive,1775,147,16,20,25,11.72
829,2026-03-31,LinkedIn,ecommerce,short,confusing user journey for ecommerce #ecommerce,-1,Negative,851,35,21,20,5,9.52
830,2026-01-25,Instagram,mobile money,image,simple dashboard insights for mobile money #mobilemoney,1,Positive,1271,113,17,4,5,10.94
831,2026-05-13,TikTok,marketing,carousel,slow support problem for marketing #marketing,-2,Negative,1426,39,16,33,12,7.01
832,2026-05-04,TikTok,personal finance,image,weekly market note for personal finance #personalfinance,0,Neutral,1564,84,29,26,23,10.36
833,2026-01-15,LinkedIn,data analytics,image,trusted customer service for data analytics #dataanalytics,1,Positive,1174,104,12,9,16,12.01
834,2026-06-18,X,personal finance,carousel,trusted customer service for personal finance #personalfinance,1,Positive,1150,105,15,7,9,11.83
835,2026-05-31,Facebook,marketing,short,trusted customer service for marketing #marketing,1,Positive,1307,54,32,10,9,8.03
836,2026-04-08,Instagram,personal finance,carousel,expensive campaign loss for personal finance #personalfinance,-2,Negative,1500,70,6,31,17,8.27
837,2026-06-26,TikTok,ecommerce,text,clear financial education for ecommerce #ecommerce,1,Positive,1247,63,11,18,19,8.9
838,2026-08-20,LinkedIn,mobile money,text,risky payment delay for mobile money #mobilemoney,-1,Negative,472,20,8,4,8,8.47
839,2026-08-10,LinkedIn,small business,carousel,confusing user journey for small business #smallbusiness,-1,Negative,975,52,12,7,13,8.62
840,2026-03-11,Instagram,marketing,video,expensive campaign loss for marketing #marketing,-2,Negative,1656,83,38,40,6,10.08
841,2026-08-20,Facebook,data analytics,image,product feature overview for data analytics #dataanalytics,0,Neutral,1067,91,24,16,3,12.56
842,2026-03-01,LinkedIn,data analytics,image,customer feedback summary for data analytics #dataanalytics,0,Neutral,1097,75,9,15,5,9.48
843,2026-05-27,LinkedIn,marketing,video,simple dashboard insights for marketing #marketing,1,Positive,1609,65,16,37,15,8.27
844,2026-03-27,Instagram,personal finance,text,product feature overview for personal finance #personalfinance,0,Neutral,1132,45,19,8,9,7.16
845,2026-01-14,Facebook,personal finance,carousel,fast mobile money growth for personal finance #personalfinance,2,Positive,1090,91,15,22,17,13.3
846,2026-04-20,X,ecommerce,video,clear financial education for ecommerce #ecommerce,1,Positive,1297,105,20,16,12,11.8
847,2026-06-16,LinkedIn,marketing,carousel,product feature overview for marketing #marketing,0,Neutral,1199,76,5,12,5,8.17
848,2026-06-23,LinkedIn,fintech,text,simple dashboard insights for fintech #fintech,1,Positive,967,36,10,3,14,6.51
849,2026-01-05,Facebook,mobile money,image,weekly market note for mobile money #mobilemoney,0,Neutral,611,50,6,2,10,11.13
850,2026-01-20,TikTok,mobile money,text,risky payment delay for mobile money #mobilemoney,-1,Negative,965,63,7,9,3,8.5
851,2026-01-20,Facebook,marketing,image,smart data analytics for marketing #marketing,1,Positive,975,59,5,13,9,8.82
852,2026-02-19,Instagram,ecommerce,carousel,slow support problem for ecommerce #ecommerce,-2,Negative,1421,94,26,14,15,10.49
853,2026-06-14,LinkedIn,data analytics,video,weak engagement result for data analytics #dataanalytics,-1,Negative,1216,60,9,16,7,7.57
854,2026-07-07,LinkedIn,ecommerce,short,brand awareness post for ecommerce #ecommerce,0,Neutral,1285,84,8,32,11,10.51
855,2026-02-01,X,data analytics,video,risky payment delay for data analytics #dataanalytics,-1,Negative,916,27,22,18,10,8.41
856,2026-04-13,Facebook,ecommerce,image,risky payment delay for ecommerce #ecommerce,-1,Negative,786,29,8,2,2,5.22
857,2026-04-25,X,small business,video,fast mobile money growth for small business #smallbusiness,2,Positive,1322,106,9,23,13,11.42
858,2026-01-13,Facebook,marketing,image,confusing user journey for marketing #marketing,-1,Negative,708,15,4,9,2,4.24
859,2026-07-08,X,fintech,text,slow support problem for fintech #fintech,-2,Negative,408,17,10,4,2,8.09
860,2026-06-20,TikTok,mobile money,video,new campaign update for mobile money #mobilemoney,0,Neutral,2412,85,32,66,24,8.58
861,2026-02-07,TikTok,mobile money,carousel,fast mobile money growth for mobile money #mobilemoney,2,Positive,2327,71,17,54,14,6.7
862,2026-07-23,TikTok,personal finance,carousel,confusing user journey for personal finance #personalfinance,-1,Negative,1496,65,36,32,24,10.49
863,2026-04-17,X,fintech,text,fast mobile money growth for fintech #fintech,2,Positive,762,34,6,9,5,7.09
864,2026-01-07,X,marketing,carousel,smart data analytics for marketing #marketing,1,Positive,1019,72,23,11,17,12.07
865,2026-09-07,Instagram,ecommerce,short,smart data analytics for ecommerce #ecommerce,1,Positive,1933,83,36,18,31,8.69
866,2026-04-04,LinkedIn,personal finance,text,simple dashboard insights for personal finance #personalfinance,1,Positive,980,99,14,9,15,13.98
867,2026-06-06,Instagram,small business,image,fast mobile money growth for small business #smallbusiness,2,Positive,1716,131,38,26,30,13.11
868,2026-03-02,Facebook,small business,short,slow support problem for small business #smallbusiness,-2,Negative,818,50,10,18,5,10.15
869,2026-03-20,Instagram,data analytics,image,smart data analytics for data analytics #dataanalytics,1,Positive,1386,103,10,16,9,9.96
870,2026-08-02,Instagram,marketing,text,slow support problem for marketing #marketing,-2,Negative,629,45,7,7,9,10.81
871,2026-05-07,LinkedIn,ecommerce,text,confusing user journey for ecommerce #ecommerce,-1,Negative,695,15,12,6,7,5.76
872,2026-08-03,LinkedIn,marketing,text,smart data analytics for marketing #marketing,1,Positive,790,79,8,10,2,12.53
873,2026-01-18,TikTok,ecommerce,image,clear financial education for ecommerce #ecommerce,1,Positive,1698,111,19,5,28,9.6
874,2026-03-22,TikTok,ecommerce,carousel,simple dashboard insights for ecommerce #ecommerce,1,Positive,2250,122,26,17,24,8.4
875,2026-05-24,Instagram,personal finance,short,new campaign update for personal finance #personalfinance,0,Neutral,1791,57,28,23,8,6.48
876,2026-01-28,Instagram,marketing,video,simple dashboard insights for marketing #marketing,1,Positive,2542,235,35,74,19,14.28
877,2026-06-12,LinkedIn,data analytics,text,new campaign update for data analytics #dataanalytics,0,Neutral,576,43,3,1,2,8.51
878,2026-04-15,Facebook,small business,short,clear financial education for small business #smallbusiness,1,Positive,1428,58,13,31,19,8.47
879,2026-04-07,Facebook,marketing,image,clear financial education for marketing #marketing,1,Positive,1045,81,22,16,15,12.82
880,2026-04-13,TikTok,ecommerce,video,product feature overview for ecommerce #ecommerce,0,Neutral,2229,200,46,61,9,14.18
881,2026-04-17,Instagram,marketing,carousel,simple dashboard insights for marketing #marketing,1,Positive,1905,119,34,33,11,10.34
882,2026-05-21,X,ecommerce,carousel,simple dashboard insights for ecommerce #ecommerce,1,Positive,1022,47,13,8,5,7.14
883,2026-08-27,X,ecommerce,text,weekly market note for ecommerce #ecommerce,0,Neutral,761,21,18,5,4,6.31
884,2026-03-26,TikTok,data analytics,carousel,expensive campaign loss for data analytics #dataanalytics,-2,Negative,1656,87,33,34,25,10.81
885,2026-07-19,LinkedIn,marketing,image,clear financial education for marketing #marketing,1,Positive,1099,45,25,13,16,9.01
886,2026-07-31,TikTok,marketing,carousel,weekly market note for marketing #marketing,0,Neutral,2086,123,50,8,9,9.11
887,2026-07-01,X,mobile money,video,confusing user journey for mobile money #mobilemoney,-1,Negative,918,39,21,21,15,10.46
888,2026-03-27,X,data analytics,image,customer feedback summary for data analytics #dataanalytics,0,Neutral,761,60,5,8,9,10.78
889,2026-06-02,Facebook,mobile money,short,smart data analytics for mobile money #mobilemoney,1,Positive,1339,130,10,28,22,14.19
890,2026-03-29,X,mobile money,short,product feature overview for mobile money #mobilemoney,0,Neutral,1080,95,21,10,6,12.22
891,2026-09-07,Instagram,data analytics,carousel,weekly market note for data analytics #dataanalytics,0,Neutral,1380,45,16,23,12,6.96
892,2026-02-12,Facebook,mobile money,video,risky payment delay for mobile money #mobilemoney,-1,Negative,923,51,7,25,12,10.29
893,2026-04-10,X,fintech,image,brand awareness post for fintech #fintech,0,Neutral,427,10,9,4,5,6.56
894,2026-04-23,TikTok,small business,text,smart data analytics for small business #smallbusiness,1,Positive,1287,53,7,5,3,5.28
895,2026-01-11,Facebook,marketing,carousel,smart data analytics for marketing #marketing,1,Positive,1189,69,14,15,18,9.76
896,2026-03-10,Facebook,mobile money,text,slow support problem for mobile money #mobilemoney,-2,Negative,531,23,8,1,9,7.72
897,2026-07-17,X,ecommerce,carousel,smart data analytics for ecommerce #ecommerce,1,Positive,1269,46,7,9,13,5.91
898,2026-07-17,LinkedIn,mobile money,text,clear financial education for mobile money #mobilemoney,1,Positive,850,68,7,3,15,10.94
899,2026-02-13,Instagram,small business,image,customer feedback summary for small business #smallbusiness,0,Neutral,1066,51,13,16,6,8.07
900,2026-08-14,Instagram,ecommerce,short,simple dashboard insights for ecommerce #ecommerce,1,Positive,1976,186,8,40,28,13.26
901,2026-03-11,Instagram,personal finance,carousel,fast mobile money growth for personal finance #personalfinance,2,Positive,1957,129,27,46,4,10.53
902,2026-09-01,LinkedIn,marketing,video,confusing user journey for marketing #marketing,-1,Negative,872,64,11,12,13,11.47
903,2026-04-27,Instagram,fintech,image,clear financial education for fintech #fintech,1,Positive,1518,160,37,24,15,15.55
904,2026-07-04,Facebook,mobile money,carousel,smart data analytics for mobile money #mobilemoney,1,Positive,1130,43,12,18,16,7.88
905,2026-04-11,Facebook,ecommerce,image,simple dashboard insights for ecommerce #ecommerce,1,Positive,1286,88,30,15,10,11.12
906,2026-04-04,Facebook,fintech,text,trusted customer service for fintech #fintech,1,Positive,678,70,4,3,1,11.5
907,2026-07-30,X,mobile money,text,expensive campaign loss for mobile money #mobilemoney,-2,Negative,706,15,17,7,7,6.52
908,2026-07-23,Instagram,ecommerce,carousel,clear financial education for ecommerce #ecommerce,1,Positive,1999,140,19,34,10,10.16
909,2026-03-22,LinkedIn,fintech,text,weak engagement result for fintech #fintech,-1,Negative,380,22,7,3,3,9.21
910,2026-07-17,TikTok,small business,video,weekly market note for small business #smallbusiness,0,Neutral,2495,107,14,44,8,6.93
911,2026-01-12,LinkedIn,fintech,image,brand awareness post for fintech #fintech,0,Neutral,976,32,24,17,6,8.09
912,2026-07-17,TikTok,personal finance,short,fast mobile money growth for personal finance #personalfinance,2,Positive,2718,190,54,25,13,10.38
913,2026-03-26,LinkedIn,fintech,video,new campaign update for fintech #fintech,0,Neutral,1479,96,20,28,23,11.29
914,2026-08-06,Facebook,marketing,image,trusted customer service for marketing #marketing,1,Positive,926,39,11,2,1,5.72
915,2026-04-13,LinkedIn,personal finance,short,weekly market note for personal finance #personalfinance,0,Neutral,1250,35,30,20,2,6.96
916,2026-05-19,TikTok,ecommerce,carousel,trusted customer service for ecommerce #ecommerce,1,Positive,2336,214,58,46,40,15.33
917,2026-02-16,Facebook,mobile money,text,trusted customer service for mobile money #mobilemoney,1,Positive,813,69,11,7,9,11.81
918,2026-03-15,LinkedIn,ecommerce,short,customer feedback summary for ecommerce #ecommerce,0,Neutral,861,41,17,13,1,8.36
919,2026-03-30,TikTok,personal finance,video,trusted customer service for personal finance #personalfinance,1,Positive,2715,236,12,25,21,10.83
920,2026-05-19,Instagram,small business,carousel,brand awareness post for small business #smallbusiness,0,Neutral,1251,72,10,18,10,8.79
921,2026-09-16,LinkedIn,small business,image,clear financial education for small business #smallbusiness,1,Positive,842,70,6,14,3,11.05
922,2026-07-02,X,ecommerce,image,product feature overview for ecommerce #ecommerce,0,Neutral,515,40,7,8,2,11.07
923,2026-01-15,X,small business,image,product feature overview for small business #smallbusiness,0,Neutral,967,40,7,13,2,6.41
924,2026-05-18,Facebook,personal finance,image,fast mobile money growth for personal finance #personalfinance,2,Positive,761,39,18,12,12,10.64
925,2026-08-22,Facebook,small business,carousel,smart data analytics for small business #smallbusiness,1,Positive,1158,121,15,9,11,13.47
926,2026-03-22,X,ecommerce,carousel,simple dashboard insights for ecommerce #ecommerce,1,Positive,670,38,3,8,4,7.91
927,2026-09-10,LinkedIn,mobile money,image,smart data analytics for mobile money #mobilemoney,1,Positive,1443,110,26,21,3,11.09
928,2026-06-27,TikTok,small business,carousel,trusted customer service for small business #smallbusiness,1,Positive,2544,121,20,35,31,8.14
929,2026-01-08,X,mobile money,short,product feature overview for mobile money #mobilemoney,0,Neutral,1051,70,20,23,15,12.18
930,2026-01-21,Facebook,fintech,short,trusted customer service for fintech #fintech,1,Positive,1306,124,26,27,6,14.01
931,2026-05-25,Instagram,mobile money,video,trusted customer service for mobile money #mobilemoney,1,Positive,2273,116,10,35,9,7.48
932,2026-08-11,Facebook,fintech,video,clear financial education for fintech #fintech,1,Positive,1231,122,30,36,2,15.43
933,2026-06-03,TikTok,small business,carousel,trusted customer service for small business #smallbusiness,1,Positive,1978,103,42,23,32,10.11
934,2026-06-17,Instagram,fintech,short,customer feedback summary for fintech #fintech,0,Neutral,1909,50,39,20,8,6.13
935,2026-09-14,Instagram,fintech,carousel,trusted customer service for fintech #fintech,1,Positive,1804,144,26,20,16,11.42
936,2026-01-10,LinkedIn,ecommerce,short,expensive campaign loss for ecommerce #ecommerce,-2,Negative,997,29,22,13,5,6.92
937,2026-09-15,X,personal finance,video,weak engagement result for personal finance #personalfinance,-1,Negative,745,29,9,7,10,7.38
938,2026-05-30,LinkedIn,data analytics,carousel,weekly market note for data analytics #dataanalytics,0,Neutral,1153,98,27,20,5,13.01
939,2026-09-11,X,fintech,carousel,confusing user journey for fintech #fintech,-1,Negative,1044,35,15,25,2,7.38
940,2026-05-12,Facebook,ecommerce,short,clear financial education for ecommerce #ecommerce,1,Positive,1309,113,5,15,16,11.38
941,2026-08-24,X,data analytics,image,simple dashboard insights for data analytics #dataanalytics,1,Positive,813,58,17,13,9,11.93
942,2026-08-15,Facebook,data analytics,carousel,product feature overview for data analytics #dataanalytics,0,Neutral,1327,96,7,18,17,10.4
943,2026-04-30,Instagram,marketing,image,customer feedback summary for marketing #marketing,0,Neutral,1211,38,9,7,10,5.28
944,2026-02-07,LinkedIn,marketing,carousel,product feature overview for marketing #marketing,0,Neutral,1385,113,24,9,14,11.55
945,2026-06-27,LinkedIn,ecommerce,carousel,clear financial education for ecommerce #ecommerce,1,Positive,1374,45,10,6,10,5.17
946,2026-02-16,Instagram,marketing,image,clear financial education for marketing #marketing,1,Positive,1344,105,29,24,13,12.72
947,2026-02-21,X,marketing,text,smart data analytics for marketing #marketing,1,Positive,640,32,14,7,2,8.59
948,2026-06-15,LinkedIn,small business,image,customer feedback summary for small business #smallbusiness,0,Neutral,609,31,6,6,7,8.21
949,2026-06-02,Facebook,fintech,image,trusted customer service for fintech #fintech,1,Positive,921,53,13,16,15,10.53
950,2026-07-10,X,small business,text,slow support problem for small business #smallbusiness,-2,Negative,367,14,6,2,1,6.27
951,2026-06-02,LinkedIn,marketing,video,new campaign update for marketing #marketing,0,Neutral,1457,103,29,37,5,11.94
952,2026-08-20,X,data analytics,carousel,trusted customer service for data analytics #dataanalytics,1,Positive,1163,90,15,6,4,9.89
953,2026-05-23,LinkedIn,personal finance,video,weekly market note for personal finance #personalfinance,0,Neutral,1649,130,20,24,25,12.07
954,2026-08-11,Instagram,data analytics,image,slow support problem for data analytics #dataanalytics,-2,Negative,1003,44,10,19,15,8.77
955,2026-07-02,TikTok,fintech,short,weekly market note for fintech #fintech,0,Neutral,2032,121,20,25,24,9.35
956,2026-04-24,Facebook,small business,video,weekly market note for small business #smallbusiness,0,Neutral,1354,121,27,33,9,14.03
957,2026-02-17,Instagram,personal finance,text,weak engagement result for personal finance #personalfinance,-1,Negative,681,41,13,2,4,8.81
958,2026-09-13,LinkedIn,data analytics,text,risky payment delay for data analytics #dataanalytics,-1,Negative,729,50,13,3,2,9.33
959,2026-08-24,X,ecommerce,short,clear financial education for ecommerce #ecommerce,1,Positive,1157,41,24,14,16,8.21
960,2026-02-20,TikTok,mobile money,carousel,slow support problem for mobile money #mobilemoney,-2,Negative,2027,113,44,19,31,10.21
961,2026-08-06,LinkedIn,mobile money,video,fast mobile money growth for mobile money #mobilemoney,2,Positive,1863,94,10,20,5,6.92
962,2026-08-15,X,fintech,text,product feature overview for fintech #fintech,0,Neutral,688,23,6,2,8,5.67
963,2026-07-19,Instagram,ecommerce,short,smart data analytics for ecommerce #ecommerce,1,Positive,1611,161,26,15,5,12.85
964,2026-03-12,Facebook,small business,carousel,customer feedback summary for small business #smallbusiness,0,Neutral,1081,48,4,11,2,6.01
965,2026-05-05,X,mobile money,video,product feature overview for mobile money #mobilemoney,0,Neutral,846,63,5,15,9,10.87
966,2026-05-01,Instagram,data analytics,short,confusing user journey for data analytics #dataanalytics,-1,Negative,1673,40,27,30,23,7.17
967,2026-08-06,Facebook,fintech,image,smart data analytics for fintech #fintech,1,Positive,854,72,15,7,10,12.18
968,2026-05-19,Instagram,fintech,short,slow support problem for fintech #fintech,-2,Negative,1412,42,27,8,9,6.09
969,2026-02-25,X,personal finance,video,expensive campaign loss for personal finance #personalfinance,-2,Negative,951,22,12,22,5,6.41
970,2026-03-13,Instagram,small business,carousel,trusted customer service for small business #smallbusiness,1,Positive,1839,163,24,39,30,13.92
971,2026-04-19,LinkedIn,data analytics,carousel,confusing user journey for data analytics #dataanalytics,-1,Negative,874,51,20,17,10,11.21
972,2026-01-22,X,marketing,carousel,customer feedback summary for marketing #marketing,0,Neutral,1075,26,25,10,2,5.86
973,2026-08-31,Instagram,ecommerce,short,slow support problem for ecommerce #ecommerce,-2,Negative,1509,95,26,34,19,11.53
974,2026-08-24,LinkedIn,personal finance,carousel,simple dashboard insights for personal finance #personalfinance,1,Positive,847,57,13,15,3,10.39
975,2026-06-04,Facebook,marketing,image,fast mobile money growth for marketing #marketing,2,Positive,703,34,15,3,12,9.1
976,2026-04-20,X,mobile money,text,simple dashboard insights for mobile money #mobilemoney,1,Positive,475,47,7,5,2,12.84
977,2026-01-24,Facebook,personal finance,carousel,customer feedback summary for personal finance #personalfinance,0,Neutral,727,56,3,10,7,10.45
978,2026-08-08,Facebook,ecommerce,text,weekly market note for ecommerce #ecommerce,0,Neutral,439,36,4,1,5,10.48
979,2026-07-01,Instagram,ecommerce,text,smart data analytics for ecommerce #ecommerce,1,Positive,1027,91,23,9,4,12.37
980,2026-05-04,LinkedIn,mobile money,image,simple dashboard insights for mobile money #mobilemoney,1,Positive,1202,54,24,9,19,8.82
981,2026-09-05,Facebook,small business,short,simple dashboard insights for small business #smallbusiness,1,Positive,857,74,18,22,15,15.05
982,2026-02-26,Instagram,small business,text,fast mobile money growth for small business #smallbusiness,2,Positive,946,63,8,2,12,8.99
983,2026-09-13,Instagram,mobile money,short,weak engagement result for mobile money #mobilemoney,-1,Negative,1352,81,26,15,23,10.72
984,2026-09-01,TikTok,marketing,text,customer feedback summary for marketing #marketing,0,Neutral,1416,123,7,18,5,10.81
985,2026-03-02,LinkedIn,personal finance,short,confusing user journey for personal finance #personalfinance,-1,Negative,1020,59,13,26,17,11.27
986,2026-01-04,TikTok,ecommerce,video,confusing user journey for ecommerce #ecommerce,-1,Negative,1872,56,24,13,9,5.45
987,2026-05-05,X,ecommerce,carousel,simple dashboard insights for ecommerce #ecommerce,1,Positive,1077,100,19,24,5,13.74
988,2026-09-02,TikTok,data analytics,carousel,risky payment delay for data analytics #dataanalytics,-1,Negative,1317,80,10,21,20,9.95
989,2026-04-07,TikTok,data analytics,video,weekly market note for data analytics #dataanalytics,0,Neutral,2583,126,61,57,34,10.76
990,2026-04-04,X,marketing,text,fast mobile money growth for marketing #marketing,2,Positive,584,18,12,2,5,6.34
991,2026-02-01,Facebook,fintech,text,trusted customer service for fintech #fintech,1,Positive,854,67,15,8,13,12.06
992,2026-04-27,LinkedIn,fintech,short,smart data analytics for fintech #fintech,1,Positive,1299,38,23,21,6,6.77
993,2026-09-05,LinkedIn,mobile money,short,risky payment delay for mobile money #mobilemoney,-1,Negative,935,66,11,8,9,10.05
994,2026-01-02,TikTok,marketing,short,expensive campaign loss for marketing #marketing,-2,Negative,1806,112,23,21,10,9.19
995,2026-04-06,TikTok,marketing,text,customer feedback summary for marketing #marketing,0,Neutral,1024,44,24,5,11,8.2
996,2026-08-20,X,mobile money,image,confusing user journey for mobile money #mobilemoney,-1,Negative,680,20,14,9,7,7.35
997,2026-04-28,X,mobile money,text,confusing user journey for mobile money #mobilemoney,-1,Negative,609,33,8,8,8,9.36
998,2026-09-02,LinkedIn,data analytics,text,weekly market note for data analytics #dataanalytics,0,Neutral,460,29,4,1,2,7.83
999,2026-06-14,Instagram,personal finance,short,smart data analytics for personal finance #personalfinance,1,Positive,2041,212,26,10,5,12.4
1000,2026-05-31,Instagram,fintech,text,smart data analytics for fintech #fintech,1,Positive,834,44,8,2,13,8.03
1001,2026-02-26,X,ecommerce,short,clear financial education for ecommerce #ecommerce,1,Positive,941,76,9,7,14,11.26
1002,2026-08-19,LinkedIn,mobile money,carousel,clear financial education for mobile money #mobilemoney,1,Positive,1015,71,13,18,12,11.23
1003,2026-03-27,TikTok,mobile money,image,smart data analytics for mobile money #mobilemoney,1,Positive,1895,153,21,22,13,11.03
1004,2026-02-02,Facebook,personal finance,video,clear financial education for personal finance #personalfinance,1,Positive,1717,84,34,35,19,10.02
1005,2026-06-09,TikTok,marketing,short,customer feedback summary for marketing #marketing,0,Neutral,2102,151,44,37,25,12.23
1006,2026-02-06,Instagram,ecommerce,short,trusted customer service for ecommerce #ecommerce,1,Positive,1994,151,27,14,9,10.08
1007,2026-07-06,Facebook,small business,image,expensive campaign loss for small business #smallbusiness,-2,Negative,724,26,10,7,6,6.77
1008,2026-08-11,TikTok,mobile money,image,confusing user journey for mobile money #mobilemoney,-1,Negative,1207,55,28,12,7,8.45
1009,2026-05-26,X,personal finance,video,clear financial education for personal finance #personalfinance,1,Positive,1118,64,13,13,7,8.68
1010,2026-02-11,Facebook,mobile money,video,slow support problem for mobile money #mobilemoney,-2,Negative,999,41,5,13,4,6.31
1011,2026-02-19,X,personal finance,image,clear financial education for personal finance #personalfinance,1,Positive,1165,34,23,18,7,7.04
1012,2026-01-14,TikTok,data analytics,video,simple dashboard insights for data analytics #dataanalytics,1,Positive,2880,179,70,39,32,11.11
1013,2026-09-11,Facebook,small business,carousel,simple dashboard insights for small business #smallbusiness,1,Positive,1558,60,16,32,25,8.54
1014,2026-07-14,LinkedIn,fintech,text,product feature overview for fintech #fintech,0,Neutral,930,56,4,13,7,8.6
1015,2026-08-19,Facebook,mobile money,image,smart data analytics for mobile money #mobilemoney,1,Positive,1096,113,6,15,2,12.41
1016,2026-04-12,TikTok,ecommerce,short,simple dashboard insights for ecommerce #ecommerce,1,Positive,2414,109,46,44,12,8.74
1017,2026-01-30,Instagram,data analytics,text,new campaign update for data analytics #dataanalytics,0,Neutral,1168,67,24,3,8,8.73
1018,2026-04-19,LinkedIn,fintech,carousel,smart data analytics for fintech #fintech,1,Positive,973,97,17,7,4,12.85
1019,2026-02-09,TikTok,fintech,short,weak engagement result for fintech #fintech,-1,Negative,1718,91,32,44,30,11.47
1020,2026-03-29,LinkedIn,marketing,short,trusted customer service for marketing #marketing,1,Positive,1658,67,8,21,10,6.39
1021,2026-08-29,Facebook,fintech,video,smart data analytics for fintech #fintech,1,Positive,1645,127,9,44,5,11.25
1022,2026-01-03,TikTok,marketing,short,expensive campaign loss for marketing #marketing,-2,Negative,1767,106,13,32,27,10.07
1023,2026-01-18,Facebook,data analytics,video,brand awareness post for data analytics #dataanalytics,0,Neutral,1274,77,11,37,10,10.6
1024,2026-02-21,LinkedIn,mobile money,carousel,expensive campaign loss for mobile money #mobilemoney,-2,Negative,986,30,8,21,15,7.51
1025,2026-07-17,X,data analytics,carousel,trusted customer service for data analytics #dataanalytics,1,Positive,1019,36,8,12,16,7.07
1026,2026-02-15,LinkedIn,fintech,text,weak engagement result for fintech #fintech,-1,Negative,507,23,6,1,5,6.9
1027,2026-08-29,X,personal finance,carousel,slow support problem for personal finance #personalfinance,-2,Negative,159,9,2,2,1,8.81
1028,2026-02-19,Facebook,fintech,short,clear financial education for fintech #fintech,1,Positive,1449,145,28,9,8,13.11
1029,2026-01-17,Instagram,ecommerce,image,slow support problem for ecommerce #ecommerce,-2,Negative,995,67,17,18,10,11.26
1030,2026-08-27,LinkedIn,marketing,image,new campaign update for marketing #marketing,0,Neutral,742,35,10,9,4,7.82
1031,2026-02-27,LinkedIn,small business,video,confusing user journey for small business #smallbusiness,-1,Negative,868,22,6,7,4,4.49
1032,2026-07-27,X,fintech,image,clear financial education for fintech #fintech,1,Positive,654,58,9,6,10,12.69
1033,2026-07-20,X,marketing,carousel,smart data analytics for marketing #marketing,1,Positive,1228,63,15,17,15,8.96
1034,2026-02-24,Instagram,data analytics,carousel,weak engagement result for data analytics #dataanalytics,-1,Negative,1353,42,31,12,19,7.69
1035,2026-01-29,LinkedIn,data analytics,image,expensive campaign loss for data analytics #dataanalytics,-2,Negative,569,30,13,6,4,9.31
1036,2026-07-29,LinkedIn,mobile money,image,smart data analytics for mobile money #mobilemoney,1,Positive,1002,37,21,18,11,8.68
1037,2026-04-17,LinkedIn,data analytics,image,expensive campaign loss for data analytics #dataanalytics,-2,Negative,641,31,15,3,5,8.42
1038,2026-01-27,X,marketing,text,weekly market note for marketing #marketing,0,Neutral,543,31,3,4,2,7.37
1039,2026-07-04,TikTok,marketing,video,weak engagement result for marketing #marketing,-1,Negative,1635,55,26,17,27,7.65
1040,2026-08-29,LinkedIn,data analytics,text,clear financial education for data analytics #dataanalytics,1,Positive,1102,93,23,4,7,11.52
1041,2026-06-19,X,ecommerce,text,risky payment delay for ecommerce #ecommerce,-1,Negative,306,9,6,4,3,7.19
1042,2026-03-17,X,mobile money,short,expensive campaign loss for mobile money #mobilemoney,-2,Negative,1038,43,23,8,18,8.86
1043,2026-07-19,X,personal finance,text,trusted customer service for personal finance #personalfinance,1,Positive,691,56,11,5,8,11.58
1044,2026-01-09,Instagram,data analytics,carousel,smart data analytics for data analytics #dataanalytics,1,Positive,1674,177,41,26,26,16.13
1045,2026-05-01,X,fintech,image,simple dashboard insights for fintech #fintech,1,Positive,749,28,15,10,1,7.21
1046,2026-06-20,Facebook,mobile money,text,clear financial education for mobile money #mobilemoney,1,Positive,732,29,4,8,4,6.15
1047,2026-05-04,X,marketing,video,product feature overview for marketing #marketing,0,Neutral,1139,99,21,18,14,13.35
1048,2026-07-17,TikTok,data analytics,carousel,expensive campaign loss for data analytics #dataanalytics,-2,Negative,1878,45,16,19,25,5.59
1049,2026-06-05,Facebook,mobile money,text,customer feedback summary for mobile money #mobilemoney,0,Neutral,252,8,2,2,2,5.56
1050,2026-04-22,Facebook,personal finance,short,fast mobile money growth for personal finance #personalfinance,2,Positive,1449,70,28,37,4,9.59
1051,2026-06-20,TikTok,personal finance,short,fast mobile money growth for personal finance #personalfinance,2,Positive,2707,216,30,42,8,10.93
1052,2026-04-12,LinkedIn,small business,short,expensive campaign loss for small business #smallbusiness,-2,Negative,1419,92,11,24,19,10.29
1053,2026-02-28,X,marketing,carousel,brand awareness post for marketing #marketing,0,Neutral,759,58,11,12,13,12.38
1054,2026-07-16,Facebook,marketing,short,slow support problem for marketing #marketing,-2,Negative,1063,52,20,19,3,8.84
1055,2026-08-20,LinkedIn,ecommerce,carousel,weak engagement result for ecommerce #ecommerce,-1,Negative,1101,57,19,17,13,9.63
1056,2026-05-17,Instagram,ecommerce,carousel,smart data analytics for ecommerce #ecommerce,1,Positive,2089,129,33,17,4,8.76
1057,2026-04-21,X,personal finance,text,simple dashboard insights for personal finance #personalfinance,1,Positive,542,50,8,7,3,12.55
1058,2026-05-07,X,data analytics,short,weekly market note for data analytics #dataanalytics,0,Neutral,1028,85,15,11,3,11.09
1059,2026-04-17,TikTok,small business,short,new campaign update for small business #smallbusiness,0,Neutral,2359,137,18,33,40,9.67
1060,2026-07-21,LinkedIn,mobile money,image,simple dashboard insights for mobile money #mobilemoney,1,Positive,1218,73,29,23,7,10.84
1061,2026-06-30,Instagram,data analytics,short,risky payment delay for data analytics #dataanalytics,-1,Negative,1298,84,26,6,17,10.25
1062,2026-08-15,Facebook,marketing,text,brand awareness post for marketing #marketing,0,Neutral,659,25,9,5,3,6.37
1063,2026-07-10,TikTok,mobile money,image,simple dashboard insights for mobile money #mobilemoney,1,Positive,1778,95,17,34,8,8.66
1064,2026-04-11,TikTok,ecommerce,text,slow support problem for ecommerce #ecommerce,-2,Negative,1010,50,21,13,11,9.41
1065,2026-03-15,Instagram,fintech,image,expensive campaign loss for fintech #fintech,-2,Negative,988,63,13,3,2,8.2
1066,2026-08-10,TikTok,small business,image,fast mobile money growth for small business #smallbusiness,2,Positive,1623,126,34,18,15,11.89
1067,2026-05-21,LinkedIn,marketing,carousel,risky payment delay for marketing #marketing,-1,Negative,609,35,10,5,3,8.7
1068,2026-05-10,Facebook,fintech,video,brand awareness post for fintech #fintech,0,Neutral,1291,80,12,27,9,9.91
1069,2026-08-17,TikTok,personal finance,video,simple dashboard insights for personal finance #personalfinance,1,Positive,2712,162,11,62,28,9.7
1070,2026-08-02,X,marketing,image,slow support problem for marketing #marketing,-2,Negative,227,16,3,3,2,10.57
1071,2026-09-11,TikTok,ecommerce,short,weekly market note for ecommerce #ecommerce,0,Neutral,2116,77,47,56,32,10.02
1072,2026-03-24,LinkedIn,mobile money,text,smart data analytics for mobile money #mobilemoney,1,Positive,839,75,14,8,5,12.16
1073,2026-03-05,Instagram,ecommerce,text,smart data analytics for ecommerce #ecommerce,1,Positive,1083,81,7,11,5,9.6
1074,2026-02-15,TikTok,data analytics,short,smart data analytics for data analytics #dataanalytics,1,Positive,2737,174,54,56,7,10.63
1075,2026-05-03,Facebook,small business,text,smart data analytics for small business #smallbusiness,1,Positive,887,60,3,3,8,8.34
1076,2026-06-16,TikTok,marketing,video,expensive campaign loss for marketing #marketing,-2,Negative,1962,137,26,53,5,11.26
1077,2026-05-05,X,small business,carousel,trusted customer service for small business #smallbusiness,1,Positive,862,71,4,13,13,11.72
1078,2026-05-26,TikTok,ecommerce,short,new campaign update for ecommerce #ecommerce,0,Neutral,2110,164,17,43,6,10.9
1079,2026-06-27,X,data analytics,video,slow support problem for data analytics #dataanalytics,-2,Negative,1056,22,12,17,15,6.25
1080,2026-05-16,Instagram,small business,video,smart data analytics for small business #smallbusiness,1,Positive,2428,128,22,62,20,9.56
1081,2026-01-14,X,data analytics,carousel,smart data analytics for data analytics #dataanalytics,1,Positive,1069,94,7,14,17,12.35
1082,2026-05-05,LinkedIn,fintech,video,fast mobile money growth for fintech #fintech,2,Positive,1830,156,25,46,17,13.33
1083,2026-06-01,Instagram,data analytics,text,risky payment delay for data analytics #dataanalytics,-1,Negative,1051,45,8,12,16,7.71
1084,2026-03-01,X,mobile money,text,customer feedback summary for mobile money #mobilemoney,0,Neutral,583,43,4,7,1,9.43
1085,2026-06-23,LinkedIn,personal finance,video,trusted customer service for personal finance #personalfinance,1,Positive,1813,179,24,41,15,14.29
1086,2026-02-14,Instagram,marketing,carousel,expensive campaign loss for marketing #marketing,-2,Negative,1071,56,8,10,6,7.47
1087,2026-06-30,TikTok,ecommerce,image,brand awareness post for ecommerce #ecommerce,0,Neutral,1876,62,25,18,23,6.82
1088,2026-06-17,Facebook,fintech,text,clear financial education for fintech #fintech,1,Positive,840,60,3,2,10,8.93
1089,2026-04-15,Facebook,marketing,image,confusing user journey for marketing #marketing,-1,Negative,699,29,4,3,8,6.29
1090,2026-02-27,X,fintech,short,smart data analytics for fintech #fintech,1,Positive,1077,73,18,21,9,11.23
1091,2026-07-13,LinkedIn,personal finance,short,brand awareness post for personal finance #personalfinance,0,Neutral,1016,70,9,23,9,10.93
1092,2026-07-05,Instagram,fintech,text,weekly market note for fintech #fintech,0,Neutral,1164,84,27,3,19,11.43
1093,2026-04-09,TikTok,small business,short,expensive campaign loss for small business #smallbusiness,-2,Negative,1643,55,9,33,21,7.18
1094,2026-09-14,Instagram,marketing,video,product feature overview for marketing #marketing,0,Neutral,1763,145,14,49,26,13.27
1095,2026-05-25,LinkedIn,small business,image,risky payment delay for small business #smallbusiness,-1,Negative,792,53,8,12,6,9.97
1096,2026-07-13,LinkedIn,ecommerce,image,smart data analytics for ecommerce #ecommerce,1,Positive,1217,87,17,20,4,10.52
1097,2026-05-19,X,mobile money,carousel,slow support problem for mobile money #mobilemoney,-2,Negative,392,22,8,4,6,10.2
1098,2026-06-20,Instagram,fintech,carousel,fast mobile money growth for fintech #fintech,2,Positive,1969,99,36,37,14,9.45
1099,2026-05-23,TikTok,personal finance,carousel,simple dashboard insights for personal finance #personalfinance,1,Positive,2311,157,16,40,29,10.47
1100,2026-03-18,X,small business,text,clear financial education for small business #smallbusiness,1,Positive,599,42,8,8,10,11.35
1101,2026-03-31,X,personal finance,text,trusted customer service for personal finance #personalfinance,1,Positive,544,16,2,7,6,5.7
1102,2026-02-18,LinkedIn,mobile money,video,trusted customer service for mobile money #mobilemoney,1,Positive,1345,117,22,17,4,11.9
1103,2026-05-01,TikTok,personal finance,short,slow support problem for personal finance #personalfinance,-2,Negative,1508,83,11,34,20,9.81
1104,2026-01-28,X,fintech,short,product feature overview for fintech #fintech,0,Neutral,878,29,19,7,15,7.97
1105,2026-08-31,LinkedIn,personal finance,text,fast mobile money growth for personal finance #personalfinance,2,Positive,659,58,14,9,7,13.35
1106,2026-01-11,LinkedIn,small business,image,weak engagement result for small business #smallbusiness,-1,Negative,875,25,4,6,15,5.71
1107,2026-02-27,TikTok,mobile money,short,brand awareness post for mobile money #mobilemoney,0,Neutral,2358,78,47,49,7,7.68
1108,2026-03-29,X,personal finance,carousel,risky payment delay for personal finance #personalfinance,-1,Negative,386,10,4,5,4,5.96
1109,2026-07-12,Instagram,ecommerce,video,clear financial education for ecommerce #ecommerce,1,Positive,2002,200,31,25,20,13.79
1110,2026-01-21,TikTok,mobile money,image,new campaign update for mobile money #mobilemoney,0,Neutral,1630,125,35,18,9,11.47
1111,2026-03-09,Instagram,marketing,image,smart data analytics for marketing #marketing,1,Positive,1543,73,30,24,22,9.66
1112,2026-05-11,Facebook,small business,image,weekly market note for small business #smallbusiness,0,Neutral,1086,42,13,18,2,6.91
1113,2026-04-29,X,fintech,short,fast mobile money growth for fintech #fintech,2,Positive,1292,41,18,28,5,7.12
1114,2026-06-18,LinkedIn,mobile money,text,smart data analytics for mobile money #mobilemoney,1,Positive,898,77,20,3,11,12.36
1115,2026-07-05,TikTok,personal finance,video,new campaign update for personal finance #personalfinance,0,Neutral,2303,100,50,53,28,10.03
1116,2026-03-31,Instagram,personal finance,text,weekly market note for personal finance #personalfinance,0,Neutral,927,76,20,12,14,13.16
1117,2026-01-13,Facebook,ecommerce,short,clear financial education for ecommerce #ecommerce,1,Positive,1424,122,14,16,10,11.38
1118,2026-04-15,X,small business,image,fast mobile money growth for small business #smallbusiness,2,Positive,652,55,9,4,5,11.2
1119,2026-08-09,LinkedIn,fintech,short,fast mobile money growth for fintech #fintech,2,Positive,1269,54,27,26,9,9.14
1120,2026-01-23,X,fintech,image,customer feedback summary for fintech #fintech,0,Neutral,909,53,20,5,14,10.12
1121,2026-05-07,Facebook,mobile money,text,weekly market note for mobile money #mobilemoney,0,Neutral,182,15,3,2,1,11.54
1122,2026-06-15,TikTok,mobile money,image,clear financial education for mobile money #mobilemoney,1,Positive,1760,143,9,17,22,10.85
1123,2026-02-12,LinkedIn,small business,image,trusted customer service for small business #smallbusiness,1,Positive,1387,134,30,26,16,14.85
1124,2026-02-14,TikTok,small business,video,slow support problem for small business #smallbusiness,-2,Negative,1726,60,30,31,8,7.47
1125,2026-03-20,X,data analytics,carousel,weak engagement result for data analytics #dataanalytics,-1,Negative,608,12,9,8,3,5.26
1126,2026-08-12,Instagram,mobile money,short,weak engagement result for mobile money #mobilemoney,-1,Negative,1081,70,19,9,5,9.53
1127,2026-02-18,X,data analytics,short,new campaign update for data analytics #dataanalytics,0,Neutral,1104,72,23,15,9,10.78
1128,2026-03-27,X,fintech,video,confusing user journey for fintech #fintech,-1,Negative,886,26,19,23,4,8.13
1129,2026-01-15,Instagram,data analytics,image,slow support problem for data analytics #dataanalytics,-2,Negative,1012,32,4,5,11,5.14
1130,2026-04-13,X,personal finance,video,smart data analytics for personal finance #personalfinance,1,Positive,1095,82,19,18,16,12.33
1131,2026-02-16,Instagram,personal finance,carousel,weekly market note for personal finance #personalfinance,0,Neutral,1579,73,23,29,15,8.87
1132,2026-08-14,LinkedIn,mobile money,image,fast mobile money growth for mobile money #mobilemoney,2,Positive,1243,95,29,14,18,12.55
1133,2026-08-29,Instagram,personal finance,short,clear financial education for personal finance #personalfinance,1,Positive,2003,96,38,50,32,10.78
1134,2026-01-31,LinkedIn,small business,text,clear financial education for small business #smallbusiness,1,Positive,787,66,13,5,8,11.69
1135,2026-08-10,Instagram,personal finance,image,trusted customer service for personal finance #personalfinance,1,Positive,1459,125,8,24,7,11.24
1136,2026-06-09,Instagram,fintech,short,smart data analytics for fintech #fintech,1,Positive,2272,98,19,10,34,7.09
1137,2026-08-26,Instagram,ecommerce,carousel,clear financial education for ecommerce #ecommerce,1,Positive,1807,118,10,36,12,9.74
1138,2026-08-22,X,ecommerce,image,weekly market note for ecommerce #ecommerce,0,Neutral,900,35,4,10,7,6.22
1139,2026-01-16,TikTok,ecommerce,text,weekly market note for ecommerce #ecommerce,0,Neutral,1138,66,8,3,14,8.0
1140,2026-07-17,Facebook,data analytics,carousel,product feature overview for data analytics #dataanalytics,0,Neutral,1301,82,29,17,14,10.91
1141,2026-08-04,X,marketing,text,expensive campaign loss for marketing #marketing,-2,Negative,595,26,3,5,8,7.06
1142,2026-05-08,X,data analytics,text,clear financial education for data analytics #dataanalytics,1,Positive,1067,98,21,4,14,12.84
1143,2026-08-05,TikTok,mobile money,short,weekly market note for mobile money #mobilemoney,0,Neutral,2444,173,38,46,36,11.99
1144,2026-04-02,TikTok,marketing,short,risky payment delay for marketing #marketing,-1,Negative,1760,57,37,14,8,6.59
1145,2026-09-08,Instagram,personal finance,short,simple dashboard insights for personal finance #personalfinance,1,Positive,1928,88,28,13,14,7.42
1146,2026-04-15,LinkedIn,fintech,short,simple dashboard insights for fintech #fintech,1,Positive,1536,46,33,15,15,7.1
1147,2026-01-31,Instagram,data analytics,video,expensive campaign loss for data analytics #dataanalytics,-2,Negative,1768,82,31,12,12,7.75
1148,2026-05-06,TikTok,personal finance,text,customer feedback summary for personal finance #personalfinance,0,Neutral,1249,71,10,5,4,7.21
1149,2026-05-11,Instagram,ecommerce,text,customer feedback summary for ecommerce #ecommerce,0,Neutral,1443,87,24,17,16,9.98
1150,2026-06-07,TikTok,fintech,short,new campaign update for fintech #fintech,0,Neutral,2037,178,45,19,7,12.22
1151,2026-01-24,TikTok,ecommerce,image,expensive campaign loss for ecommerce #ecommerce,-2,Negative,1476,40,11,4,18,4.95
1152,2026-01-30,Instagram,marketing,text,new campaign update for marketing #marketing,0,Neutral,1043,66,19,5,16,10.16
1153,2026-06-20,Facebook,mobile money,text,weekly market note for mobile money #mobilemoney,0,Neutral,608,49,5,7,4,10.69
1154,2026-08-05,LinkedIn,marketing,text,clear financial education for marketing #marketing,1,Positive,1186,98,29,4,7,11.64
1155,2026-08-01,Facebook,mobile money,video,fast mobile money growth for mobile money #mobilemoney,2,Positive,1211,74,26,34,9,11.81
1156,2026-01-22,Facebook,fintech,video,risky payment delay for fintech #fintech,-1,Negative,1165,60,11,32,4,9.18
1157,2026-06-16,TikTok,mobile money,carousel,clear financial education for mobile money #mobilemoney,1,Positive,2317,100,12,54,28,8.37
1158,2026-05-09,X,data analytics,text,weekly market note for data analytics #dataanalytics,0,Neutral,353,9,3,3,6,5.95
1159,2026-02-10,X,personal finance,image,confusing user journey for personal finance #personalfinance,-1,Negative,329,18,6,3,2,8.81
1160,2026-08-09,TikTok,marketing,carousel,trusted customer service for marketing #marketing,1,Positive,1997,95,11,17,4,6.36
1161,2026-05-30,Instagram,mobile money,carousel,slow support problem for mobile money #mobilemoney,-2,Negative,1410,31,16,9,7,4.47
1162,2026-06-24,LinkedIn,small business,carousel,fast mobile money growth for small business #smallbusiness,2,Positive,1273,73,26,19,18,10.68
1163,2026-01-05,Facebook,personal finance,carousel,trusted customer service for personal finance #personalfinance,1,Positive,1017,83,19,7,10,11.7
1164,2026-04-16,TikTok,ecommerce,carousel,simple dashboard insights for ecommerce #ecommerce,1,Positive,2257,98,39,33,25,8.64
1165,2026-01-20,X,fintech,short,brand awareness post for fintech #fintech,0,Neutral,643,47,7,10,11,11.66
1166,2026-05-19,Instagram,marketing,video,brand awareness post for marketing #marketing,0,Neutral,1821,100,12,17,17,8.02
1167,2026-01-31,TikTok,small business,carousel,customer feedback summary for small business #smallbusiness,0,Neutral,1778,159,38,34,29,14.62
1168,2026-01-09,Instagram,data analytics,carousel,slow support problem for data analytics #dataanalytics,-2,Negative,1158,37,11,9,17,6.39
1169,2026-08-12,X,personal finance,video,fast mobile money growth for personal finance #personalfinance,2,Positive,1344,124,8,9,5,10.86
1170,2026-07-10,Facebook,mobile money,image,customer feedback summary for mobile money #mobilemoney,0,Neutral,645,57,10,10,5,12.71
1171,2026-06-09,X,small business,image,expensive campaign loss for small business #smallbusiness,-2,Negative,729,34,9,9,2,7.41
1172,2026-01-06,TikTok,ecommerce,short,product feature overview for ecommerce #ecommerce,0,Neutral,2193,86,16,43,28,7.89
1173,2026-05-06,LinkedIn,small business,image,clear financial education for small business #smallbusiness,1,Positive,995,61,17,3,2,8.34
1174,2026-06-30,Facebook,fintech,video,confusing user journey for fintech #fintech,-1,Negative,1012,48,22,6,9,8.4
1175,2026-05-14,Instagram,data analytics,image,confusing user journey for data analytics #dataanalytics,-1,Negative,1372,28,24,4,21,5.61
1176,2026-01-20,TikTok,personal finance,short,weak engagement result for personal finance #personalfinance,-1,Negative,1566,98,19,32,11,10.22
1177,2026-08-23,LinkedIn,ecommerce,image,simple dashboard insights for ecommerce #ecommerce,1,Positive,1008,31,6,6,4,4.66
1178,2026-07-29,TikTok,personal finance,image,clear financial education for personal finance #personalfinance,1,Positive,1978,127,34,16,5,9.2
1179,2026-01-31,X,personal finance,carousel,simple dashboard insights for personal finance #personalfinance,1,Positive,907,86,5,13,14,13.01
1180,2026-09-13,Facebook,ecommerce,carousel,smart data analytics for ecommerce #ecommerce,1,Positive,1163,121,9,23,7,13.76
1181,2026-07-26,X,personal finance,video,simple dashboard insights for personal finance #personalfinance,1,Positive,1535,96,13,45,4,10.29
1182,2026-09-07,LinkedIn,small business,text,smart data analytics for small business #smallbusiness,1,Positive,445,39,7,2,3,11.46
1183,2026-04-30,LinkedIn,personal finance,image,confusing user journey for personal finance #personalfinance,-1,Negative,817,40,14,6,11,8.69
1184,2026-03-05,LinkedIn,fintech,text,brand awareness post for fintech #fintech,0,Neutral,649,17,2,4,5,4.31
1185,2026-04-05,Facebook,data analytics,image,smart data analytics for data analytics #dataanalytics,1,Positive,677,33,3,8,1,6.65
1186,2026-06-19,LinkedIn,personal finance,text,trusted customer service for personal finance #personalfinance,1,Positive,598,20,3,4,9,6.02
1187,2026-02-04,Instagram,small business,image,fast mobile money growth for small business #smallbusiness,2,Positive,1790,60,24,17,21,6.82
1188,2026-04-28,X,fintech,image,weekly market note for fintech #fintech,0,Neutral,643,26,5,6,1,5.91
1189,2026-05-25,X,fintech,short,slow support problem for fintech #fintech,-2,Negative,597,37,4,15,5,10.22
1190,2026-08-25,Instagram,marketing,short,weekly market note for marketing #marketing,0,Neutral,2082,150,46,49,18,12.63
1191,2026-01-12,Instagram,mobile money,image,smart data analytics for mobile money #mobilemoney,1,Positive,1457,96,33,26,13,11.53
1192,2026-02-12,TikTok,personal finance,carousel,product feature overview for personal finance #personalfinance,0,Neutral,1842,109,16,9,5,7.55
1193,2026-06-29,Facebook,marketing,video,new campaign update for marketing #marketing,0,Neutral,1206,31,12,32,12,7.21
1194,2026-06-30,X,data analytics,carousel,expensive campaign loss for data analytics #dataanalytics,-2,Negative,818,46,19,7,3,9.17
1195,2026-06-28,LinkedIn,fintech,text,confusing user journey for fintech #fintech,-1,Negative,616,21,2,4,5,5.19
1196,2026-08-31,Facebook,ecommerce,short,risky payment delay for ecommerce #ecommerce,-1,Negative,691,14,6,7,8,5.07
1197,2026-04-04,LinkedIn,data analytics,carousel,expensive campaign loss for data analytics #dataanalytics,-2,Negative,632,21,14,8,7,7.91
1198,2026-05-20,TikTok,fintech,video,simple dashboard insights for fintech #fintech,1,Positive,2645,256,37,48,6,13.12
1199,2026-09-07,LinkedIn,fintech,video,brand awareness post for fintech #fintech,0,Neutral,1367,116,25,20,24,13.53
1200,2026-02-24,LinkedIn,data analytics,image,weekly market note for data analytics #dataanalytics,0,Neutral,1150,103,27,9,16,13.48
1201,2026-06-04,Facebook,data analytics,video,brand awareness post for data analytics #dataanalytics,0,Neutral,1256,96,28,32,11,13.3
1202,2026-06-17,X,personal finance,short,slow support problem for personal finance #personalfinance,-2,Negative,616,42,10,15,6,11.85
1203,2026-03-11,TikTok,mobile money,video,fast mobile money growth for mobile money #mobilemoney,2,Positive,2705,131,16,28,22,7.28
1204,2026-06-24,TikTok,fintech,video,new campaign update for fintech #fintech,0,Neutral,2358,186,19,40,16,11.07
1205,2026-05-20,Facebook,ecommerce,video,trusted customer service for ecommerce #ecommerce,1,Positive,1518,103,20,41,21,12.19
1206,2026-03-31,TikTok,fintech,text,slow support problem for fintech #fintech,-2,Negative,1072,35,22,11,18,8.02
1207,2026-05-14,Facebook,marketing,image,confusing user journey for marketing #marketing,-1,Negative,275,13,5,3,4,9.09
1208,2026-01-26,Facebook,data analytics,video,customer feedback summary for data analytics #dataanalytics,0,Neutral,1207,105,9,27,14,12.84
1209,2026-04-04,X,personal finance,video,weak engagement result for personal finance #personalfinance,-1,Negative,575,39,8,12,4,10.96
1210,2026-03-03,LinkedIn,ecommerce,short,smart data analytics for ecommerce #ecommerce,1,Positive,1579,143,19,16,11,11.97
1211,2026-09-09,LinkedIn,small business,image,simple dashboard insights for small business #smallbusiness,1,Positive,1197,99,22,11,12,12.03
1212,2026-06-09,TikTok,fintech,video,brand awareness post for fintech #fintech,0,Neutral,2408,122,30,58,17,9.43
1213,2026-04-28,Facebook,marketing,short,customer feedback summary for marketing #marketing,0,Neutral,1158,32,8,26,3,5.96
1214,2026-08-29,X,small business,image,slow support problem for small business #smallbusiness,-2,Negative,549,11,7,3,2,4.19
1215,2026-03-15,Instagram,personal finance,text,smart data analytics for personal finance #personalfinance,1,Positive,1445,83,9,18,6,8.03
1216,2026-08-27,LinkedIn,ecommerce,image,weekly market note for ecommerce #ecommerce,0,Neutral,545,48,11,3,8,12.84
1217,2026-01-20,LinkedIn,data analytics,short,smart data analytics for data analytics #dataanalytics,1,Positive,1228,45,16,22,4,7.08
1218,2026-01-20,TikTok,mobile money,carousel,new campaign update for mobile money #mobilemoney,0,Neutral,2089,117,16,15,7,7.42
1219,2026-05-31,LinkedIn,mobile money,image,customer feedback summary for mobile money #mobilemoney,0,Neutral,972,25,13,16,10,6.58
1220,2026-01-12,Instagram,ecommerce,image,customer feedback summary for ecommerce #ecommerce,0,Neutral,1214,78,12,10,17,9.64
1221,2026-01-21,LinkedIn,ecommerce,image,fast mobile money growth for ecommerce #ecommerce,2,Positive,1373,87,16,14,3,8.74
1222,2026-09-08,Facebook,personal finance,video,clear financial education for personal finance #personalfinance,1,Positive,1558,89,29,18,16,9.76
1223,2026-03-09,TikTok,personal finance,text,customer feedback summary for personal finance #personalfinance,0,Neutral,1633,123,23,22,9,10.84
1224,2026-09-12,X,mobile money,video,product feature overview for mobile money #mobilemoney,0,Neutral,1253,67,7,30,12,9.26
1225,2026-09-17,X,small business,image,smart data analytics for small business #smallbusiness,1,Positive,628,59,8,7,4,12.42
1226,2026-02-10,Facebook,ecommerce,carousel,trusted customer service for ecommerce #ecommerce,1,Positive,1083,56,10,7,13,7.94
1227,2026-05-18,Instagram,data analytics,video,fast mobile money growth for data analytics #dataanalytics,2,Positive,2379,213,27,34,12,12.02
1228,2026-05-08,LinkedIn,mobile money,text,expensive campaign loss for mobile money #mobilemoney,-2,Negative,488,10,11,3,6,6.15
1229,2026-02-17,Facebook,marketing,text,simple dashboard insights for marketing #marketing,1,Positive,888,45,19,3,8,8.45
1230,2026-04-30,LinkedIn,marketing,text,smart data analytics for marketing #marketing,1,Positive,839,75,18,4,9,12.63
1231,2026-09-02,Instagram,data analytics,short,clear financial education for data analytics #dataanalytics,1,Positive,2005,182,40,32,6,12.97
1232,2026-07-29,X,fintech,video,customer feedback summary for fintech #fintech,0,Neutral,1211,67,20,21,9,9.66
1233,2026-03-13,Instagram,mobile money,short,brand awareness post for mobile money #mobilemoney,0,Neutral,1761,150,26,32,5,12.1
1234,2026-05-25,LinkedIn,marketing,image,expensive campaign loss for marketing #marketing,-2,Negative,837,45,19,5,11,9.56
1235,2026-06-01,LinkedIn,mobile money,image,fast mobile money growth for mobile money #mobilemoney,2,Positive,1066,58,11,10,16,8.91
1236,2026-06-02,X,data analytics,video,clear financial education for data analytics #dataanalytics,1,Positive,1446,59,24,39,4,8.71
1237,2026-02-27,LinkedIn,small business,carousel,simple dashboard insights for small business #smallbusiness,1,Positive,1255,89,11,29,16,11.55
1238,2026-04-30,Facebook,small business,carousel,simple dashboard insights for small business #smallbusiness,1,Positive,1086,110,25,15,5,14.27
1239,2026-05-16,X,mobile money,carousel,trusted customer service for mobile money #mobilemoney,1,Positive,566,22,3,3,6,6.01
1240,2026-08-06,Facebook,personal finance,image,fast mobile money growth for personal finance #personalfinance,2,Positive,740,74,11,3,1,12.03
1241,2026-08-28,LinkedIn,ecommerce,carousel,clear financial education for ecommerce #ecommerce,1,Positive,1292,72,10,8,6,7.43
1242,2026-04-12,LinkedIn,marketing,short,expensive campaign loss for marketing #marketing,-2,Negative,1171,34,16,20,9,6.75
1243,2026-09-17,Facebook,fintech,text,simple dashboard insights for fintech #fintech,1,Positive,634,53,15,9,9,13.56
1244,2026-01-21,Instagram,personal finance,text,expensive campaign loss for personal finance #personalfinance,-2,Negative,782,27,9,2,13,6.52
1245,2026-09-11,Instagram,fintech,carousel,confusing user journey for fintech #fintech,-1,Negative,1529,61,12,12,13,6.41
1246,2026-02-07,Facebook,marketing,video,fast mobile money growth for marketing #marketing,2,Positive,1468,145,13,36,17,14.37
1247,2026-04-19,X,ecommerce,text,product feature overview for ecommerce #ecommerce,0,Neutral,502,13,6,5,2,5.18
1248,2026-04-11,X,fintech,video,risky payment delay for fintech #fintech,-1,Negative,822,42,3,24,1,8.52
1249,2026-09-04,TikTok,mobile money,text,clear financial education for mobile money #mobilemoney,1,Positive,1439,43,6,7,15,4.93
1250,2026-08-30,TikTok,mobile money,carousel,clear financial education for mobile money #mobilemoney,1,Positive,2585,97,39,54,14,7.89
1251,2026-04-22,Instagram,marketing,image,smart data analytics for marketing #marketing,1,Positive,1557,93,33,6,9,9.06
1252,2026-05-01,X,small business,video,customer feedback summary for small business #smallbusiness,0,Neutral,1005,32,14,23,4,7.26
1253,2026-05-16,Facebook,mobile money,image,brand awareness post for mobile money #mobilemoney,0,Neutral,621,55,4,6,7,11.59
1254,2026-08-13,X,personal finance,text,brand awareness post for personal finance #personalfinance,0,Neutral,370,15,1,4,4,6.49
1255,2026-07-14,LinkedIn,small business,image,trusted customer service for small business #smallbusiness,1,Positive,980,34,22,17,5,7.96
1256,2026-03-15,TikTok,mobile money,carousel,expensive campaign loss for mobile money #mobilemoney,-2,Negative,1570,105,14,8,10,8.73
1257,2026-01-03,Instagram,marketing,carousel,slow support problem for marketing #marketing,-2,Negative,1341,89,8,11,16,9.25
1258,2026-06-02,TikTok,mobile money,carousel,risky payment delay for mobile money #mobilemoney,-1,Negative,1607,53,38,33,22,9.09
1259,2026-05-30,LinkedIn,data analytics,image,weekly market note for data analytics #dataanalytics,0,Neutral,1200,84,14,22,7,10.58
1260,2026-03-28,X,personal finance,image,smart data analytics for personal finance #personalfinance,1,Positive,844,65,8,10,11,11.14
1261,2026-01-16,X,personal finance,short,product feature overview for personal finance #personalfinance,0,Neutral,863,64,5,14,10,10.78
1262,2026-07-29,X,ecommerce,video,expensive campaign loss for ecommerce #ecommerce,-2,Negative,831,51,8,12,7,9.39
1263,2026-09-11,Instagram,data analytics,carousel,fast mobile money growth for data analytics #dataanalytics,2,Positive,1822,87,10,19,15,7.19
1264,2026-02-13,X,personal finance,image,clear financial education for personal finance #personalfinance,1,Positive,863,64,8,3,9,9.73
1265,2026-03-26,TikTok,fintech,image,trusted customer service for fintech #fintech,1,Positive,2094,74,43,38,28,8.74
1266,2026-01-14,Facebook,ecommerce,carousel,trusted customer service for ecommerce #ecommerce,1,Positive,1281,129,18,21,4,13.43
1267,2026-01-13,TikTok,small business,image,clear financial education for small business #smallbusiness,1,Positive,2165,184,34,32,20,12.47
1268,2026-01-02,X,marketing,video,smart data analytics for marketing #marketing,1,Positive,812,66,19,15,11,13.67
1269,2026-07-13,Instagram,fintech,video,fast mobile money growth for fintech #fintech,2,Positive,2113,213,29,56,7,14.43
1270,2026-04-07,LinkedIn,small business,carousel,weak engagement result for small business #smallbusiness,-1,Negative,819,35,7,9,4,6.72
1271,2026-04-27,LinkedIn,small business,carousel,weekly market note for small business #smallbusiness,0,Neutral,1252,50,19,5,8,6.55
1272,2026-07-17,LinkedIn,mobile money,carousel,brand awareness post for mobile money #mobilemoney,0,Neutral,1025,44,23,18,8,9.07
1273,2026-09-03,LinkedIn,fintech,text,smart data analytics for fintech #fintech,1,Positive,547,52,2,6,1,11.15
1274,2026-01-17,Facebook,small business,image,smart data analytics for small business #smallbusiness,1,Positive,1050,70,4,16,9,9.43
1275,2026-06-29,X,small business,video,expensive campaign loss for small business #smallbusiness,-2,Negative,540,17,7,11,5,7.41
1276,2026-02-01,X,ecommerce,text,trusted customer service for ecommerce #ecommerce,1,Positive,736,46,17,7,7,10.46
1277,2026-09-14,Instagram,marketing,short,risky payment delay for marketing #marketing,-1,Negative,1481,70,16,9,25,8.1
1278,2026-05-30,X,fintech,carousel,smart data analytics for fintech #fintech,1,Positive,885,44,19,14,13,10.17
1279,2026-05-11,X,data analytics,text,clear financial education for data analytics #dataanalytics,1,Positive,128,5,2,1,2,7.81
1280,2026-07-01,Facebook,ecommerce,video,fast mobile money growth for ecommerce #ecommerce,2,Positive,1732,117,26,10,5,9.12
1281,2026-04-11,Facebook,fintech,short,risky payment delay for fintech #fintech,-1,Negative,1003,42,24,24,13,10.27
1282,2026-03-25,Facebook,ecommerce,video,product feature overview for ecommerce #ecommerce,0,Neutral,1169,51,26,15,6,8.38
1283,2026-07-19,Facebook,fintech,video,fast mobile money growth for fintech #fintech,2,Positive,1323,119,13,39,12,13.83
1284,2026-02-04,LinkedIn,data analytics,short,expensive campaign loss for data analytics #dataanalytics,-2,Negative,1015,44,8,18,17,8.57
1285,2026-04-05,X,small business,carousel,customer feedback summary for small business #smallbusiness,0,Neutral,512,24,9,9,3,8.79
1286,2026-01-31,X,ecommerce,carousel,product feature overview for ecommerce #ecommerce,0,Neutral,733,55,18,14,5,12.55
1287,2026-07-11,TikTok,personal finance,image,fast mobile money growth for personal finance #personalfinance,2,Positive,1647,65,24,26,22,8.32
1288,2026-08-25,Instagram,data analytics,text,confusing user journey for data analytics #dataanalytics,-1,Negative,738,19,7,9,7,5.69
1289,2026-01-09,Facebook,data analytics,image,brand awareness post for data analytics #dataanalytics,0,Neutral,569,18,12,7,5,7.38
1290,2026-01-03,X,marketing,text,trusted customer service for marketing #marketing,1,Positive,814,52,17,3,12,10.32
1291,2026-04-08,X,fintech,short,fast mobile money growth for fintech #fintech,2,Positive,1175,123,5,15,19,13.79
1292,2026-01-25,Facebook,marketing,short,smart data analytics for marketing #marketing,1,Positive,1349,136,6,18,15,12.97
1293,2026-05-06,Instagram,personal finance,short,brand awareness post for personal finance #personalfinance,0,Neutral,1633,122,12,37,14,11.33
1294,2026-05-16,Instagram,fintech,image,clear financial education for fintech #fintech,1,Positive,1476,64,35,14,13,8.54
1295,2026-07-05,Instagram,personal finance,short,weak engagement result for personal finance #personalfinance,-1,Negative,1481,34,29,11,5,5.33
1296,2026-06-09,X,fintech,carousel,smart data analytics for fintech #fintech,1,Positive,1173,71,26,26,17,11.94
1297,2026-01-04,LinkedIn,ecommerce,image,new campaign update for ecommerce #ecommerce,0,Neutral,460,41,11,5,7,13.91
1298,2026-07-16,Facebook,small business,text,new campaign update for small business #smallbusiness,0,Neutral,491,32,10,5,8,11.2
1299,2026-08-28,Instagram,ecommerce,image,weekly market note for ecommerce #ecommerce,0,Neutral,1471,44,6,17,24,6.19
1300,2026-08-07,TikTok,mobile money,short,trusted customer service for mobile money #mobilemoney,1,Positive,2666,221,18,56,28,12.12
1301,2026-03-25,Instagram,ecommerce,text,customer feedback summary for ecommerce #ecommerce,0,Neutral,1023,48,10,5,16,7.72
1302,2026-01-04,LinkedIn,ecommerce,image,simple dashboard insights for ecommerce #ecommerce,1,Positive,924,96,10,4,8,12.77
1303,2026-07-15,LinkedIn,personal finance,image,simple dashboard insights for personal finance #personalfinance,1,Positive,944,67,14,5,13,10.49
1304,2026-06-10,LinkedIn,personal finance,short,clear financial education for personal finance #personalfinance,1,Positive,1528,135,16,37,23,13.81
1305,2026-09-15,TikTok,personal finance,short,fast mobile money growth for personal finance #personalfinance,2,Positive,2799,165,56,62,21,10.86
1306,2026-04-27,X,personal finance,carousel,expensive campaign loss for personal finance #personalfinance,-2,Negative,585,19,12,10,5,7.86
1307,2026-02-13,Instagram,mobile money,image,product feature overview for mobile money #mobilemoney,0,Neutral,1681,52,6,18,5,4.82
1308,2026-07-26,LinkedIn,mobile money,text,product feature overview for mobile money #mobilemoney,0,Neutral,750,55,4,4,12,10.0
1309,2026-04-25,X,personal finance,short,fast mobile money growth for personal finance #personalfinance,2,Positive,1231,56,28,24,14,9.91
1310,2026-07-26,Facebook,personal finance,short,slow support problem for personal finance #personalfinance,-2,Negative,882,50,12,20,13,10.77
1311,2026-06-13,LinkedIn,small business,text,product feature overview for small business #smallbusiness,0,Neutral,925,23,8,12,9,5.62
1312,2026-02-13,Instagram,marketing,video,simple dashboard insights for marketing #marketing,1,Positive,2309,236,9,10,25,12.13
1313,2026-02-11,LinkedIn,data analytics,short,simple dashboard insights for data analytics #dataanalytics,1,Positive,1450,117,27,37,13,13.38
1314,2026-04-06,TikTok,data analytics,short,clear financial education for data analytics #dataanalytics,1,Positive,2635,186,32,30,22,10.25
1315,2026-07-20,X,fintech,image,fast mobile money growth for fintech #fintech,2,Positive,388,17,2,1,1,5.41
1316,2026-05-30,LinkedIn,fintech,carousel,fast mobile money growth for fintech #fintech,2,Positive,1197,55,7,6,13,6.77
1317,2026-05-26,Instagram,marketing,carousel,weekly market note for marketing #marketing,0,Neutral,1682,46,19,22,12,5.89
1318,2026-03-16,TikTok,mobile money,video,new campaign update for mobile money #mobilemoney,0,Neutral,2317,112,12,59,25,8.98
1319,2026-03-01,X,marketing,carousel,new campaign update for marketing #marketing,0,Neutral,622,25,9,6,3,6.91
1320,2026-01-01,Instagram,marketing,carousel,smart data analytics for marketing #marketing,1,Positive,1700,75,34,22,8,8.18
1321,2026-05-24,Facebook,fintech,video,expensive campaign loss for fintech #fintech,-2,Negative,917,36,22,20,14,10.03
1322,2026-07-21,TikTok,small business,video,simple dashboard insights for small business #smallbusiness,1,Positive,2754,279,53,32,33,14.42
1323,2026-08-27,X,marketing,image,slow support problem for marketing #marketing,-2,Negative,591,24,6,11,3,7.45
1324,2026-01-05,TikTok,small business,video,risky payment delay for small business #smallbusiness,-1,Negative,1879,45,21,37,14,6.23
1325,2026-06-12,TikTok,ecommerce,video,weekly market note for ecommerce #ecommerce,0,Neutral,2365,101,30,13,34,7.53
1326,2026-04-07,Instagram,marketing,carousel,product feature overview for marketing #marketing,0,Neutral,1173,67,27,18,9,10.32
1327,2026-01-26,TikTok,personal finance,short,product feature overview for personal finance #personalfinance,0,Neutral,2326,157,34,47,38,11.87
1328,2026-06-11,Instagram,data analytics,video,confusing user journey for data analytics #dataanalytics,-1,Negative,1538,63,15,27,4,7.09
1329,2026-03-11,Instagram,ecommerce,text,customer feedback summary for ecommerce #ecommerce,0,Neutral,811,63,3,3,5,9.12
1330,2026-09-14,X,data analytics,video,weak engagement result for data analytics #dataanalytics,-1,Negative,773,35,14,11,10,9.06
1331,2026-08-22,Facebook,personal finance,image,weekly market note for personal finance #personalfinance,0,Neutral,484,25,11,5,7,9.92
1332,2026-08-16,TikTok,ecommerce,image,new campaign update for ecommerce #ecommerce,0,Neutral,1406,124,34,12,20,13.51
1333,2026-02-13,Instagram,personal finance,video,weak engagement result for personal finance #personalfinance,-1,Negative,2004,117,29,29,18,9.63
1334,2026-02-24,TikTok,small business,carousel,fast mobile money growth for small business #smallbusiness,2,Positive,2092,194,41,32,26,14.01
1335,2026-09-01,X,marketing,text,clear financial education for marketing #marketing,1,Positive,476,32,7,4,4,9.87
1336,2026-09-07,Facebook,marketing,text,confusing user journey for marketing #marketing,-1,Negative,368,8,8,4,3,6.25
1337,2026-05-30,X,data analytics,text,trusted customer service for data analytics #dataanalytics,1,Positive,419,41,4,6,7,13.84
1338,2026-08-18,Instagram,personal finance,video,simple dashboard insights for personal finance #personalfinance,1,Positive,2449,240,61,29,10,13.88
1339,2026-02-07,Facebook,data analytics,carousel,fast mobile money growth for data analytics #dataanalytics,2,Positive,917,75,10,14,5,11.34
1340,2026-02-21,TikTok,ecommerce,text,brand awareness post for ecommerce #ecommerce,0,Neutral,1317,114,24,16,11,12.53
1341,2026-04-24,Facebook,personal finance,image,brand awareness post for personal finance #personalfinance,0,Neutral,867,38,4,16,8,7.61
1342,2026-03-06,X,ecommerce,short,risky payment delay for ecommerce #ecommerce,-1,Negative,917,22,4,23,11,6.54
1343,2026-06-23,TikTok,ecommerce,carousel,trusted customer service for ecommerce #ecommerce,1,Positive,2286,105,14,33,12,7.17
1344,2026-04-12,X,personal finance,video,weekly market note for personal finance #personalfinance,0,Neutral,1310,99,22,11,8,10.69
1345,2026-06-15,X,small business,image,slow support problem for small business #smallbusiness,-2,Negative,413,22,4,7,6,9.44
1346,2026-06-03,TikTok,data analytics,carousel,fast mobile money growth for data analytics #dataanalytics,2,Positive,2332,162,54,10,23,10.68
1347,2026-09-10,Instagram,fintech,video,brand awareness post for fintech #fintech,0,Neutral,1717,61,27,35,8,7.63
1348,2026-04-19,X,personal finance,image,weekly market note for personal finance #personalfinance,0,Neutral,707,22,5,13,2,5.94
1349,2026-03-16,TikTok,mobile money,image,simple dashboard insights for mobile money #mobilemoney,1,Positive,1934,172,19,9,4,10.55
1350,2026-05-17,TikTok,personal finance,carousel,new campaign update for personal finance #personalfinance,0,Neutral,1923,96,27,37,4,8.53
1351,2026-08-02,Instagram,personal finance,image,product feature overview for personal finance #personalfinance,0,Neutral,1267,108,17,13,17,12.23
1352,2026-02-23,LinkedIn,small business,text,new campaign update for small business #smallbusiness,0,Neutral,792,32,9,11,11,7.95
1353,2026-05-14,LinkedIn,data analytics,carousel,new campaign update for data analytics #dataanalytics,0,Neutral,1209,41,14,25,21,8.35
1354,2026-06-09,X,data analytics,carousel,risky payment delay for data analytics #dataanalytics,-1,Negative,323,17,6,1,4,8.67
1355,2026-03-31,Facebook,fintech,carousel,fast mobile money growth for fintech #fintech,2,Positive,1077,89,26,12,9,12.63
1356,2026-03-16,TikTok,data analytics,image,fast mobile money growth for data analytics #dataanalytics,2,Positive,1765,126,16,14,31,10.59
1357,2026-02-04,X,ecommerce,image,smart data analytics for ecommerce #ecommerce,1,Positive,880,31,10,13,10,7.27
1358,2026-05-13,Instagram,marketing,text,brand awareness post for marketing #marketing,0,Neutral,987,37,15,2,7,6.18
1359,2026-06-23,TikTok,mobile money,image,simple dashboard insights for mobile money #mobilemoney,1,Positive,1800,106,15,31,28,10.0
1360,2026-02-25,LinkedIn,personal finance,short,risky payment delay for personal finance #personalfinance,-1,Negative,830,31,20,12,8,8.55
1361,2026-02-23,TikTok,marketing,short,smart data analytics for marketing #marketing,1,Positive,2428,154,21,38,10,9.18
1362,2026-06-26,Instagram,data analytics,video,slow support problem for data analytics #dataanalytics,-2,Negative,1594,98,16,9,9,8.28
1363,2026-07-02,LinkedIn,marketing,video,simple dashboard insights for marketing #marketing,1,Positive,1595,145,6,7,27,11.6
1364,2026-03-01,TikTok,data analytics,short,fast mobile money growth for data analytics #dataanalytics,2,Positive,2362,151,44,55,23,11.56
1365,2026-06-09,Facebook,ecommerce,video,risky payment delay for ecommerce #ecommerce,-1,Negative,1225,76,20,11,21,10.45
1366,2026-08-29,Instagram,marketing,short,customer feedback summary for marketing #marketing,0,Neutral,1716,113,12,7,24,9.09
1367,2026-09-10,LinkedIn,fintech,short,brand awareness post for fintech #fintech,0,Neutral,853,32,19,13,11,8.79
1368,2026-01-24,TikTok,personal finance,image,risky payment delay for personal finance #personalfinance,-1,Negative,1502,104,27,25,26,12.12
1369,2026-08-27,X,ecommerce,video,simple dashboard insights for ecommerce #ecommerce,1,Positive,1253,125,14,35,12,14.84
1370,2026-04-25,X,ecommerce,carousel,confusing user journey for ecommerce #ecommerce,-1,Negative,739,16,17,6,12,6.9
1371,2026-09-03,TikTok,ecommerce,short,clear financial education for ecommerce #ecommerce,1,Positive,3264,207,76,76,52,12.59
1372,2026-03-06,LinkedIn,small business,image,simple dashboard insights for small business #smallbusiness,1,Positive,1177,78,27,13,4,10.37
1373,2026-01-14,X,fintech,text,smart data analytics for fintech #fintech,1,Positive,862,69,10,10,14,11.95
1374,2026-06-11,LinkedIn,data analytics,image,product feature overview for data analytics #dataanalytics,0,Neutral,886,44,13,11,3,8.01
1375,2026-01-19,LinkedIn,fintech,carousel,simple dashboard insights for fintech #fintech,1,Positive,1106,84,22,11,18,12.21
1376,2026-09-06,LinkedIn,mobile money,text,weekly market note for mobile money #mobilemoney,0,Neutral,860,53,19,3,10,9.88
1377,2026-08-19,Facebook,ecommerce,text,weak engagement result for ecommerce #ecommerce,-1,Negative,418,29,4,2,3,9.09
1378,2026-01-22,Facebook,fintech,video,brand awareness post for fintech #fintech,0,Neutral,1278,53,19,25,18,9.0
1379,2026-09-17,LinkedIn,small business,carousel,simple dashboard insights for small business #smallbusiness,1,Positive,1457,106,7,14,12,9.54
1380,2026-06-22,Instagram,personal finance,short,fast mobile money growth for personal finance #personalfinance,2,Positive,1818,81,23,9,10,6.77
1381,2026-02-07,X,personal finance,carousel,new campaign update for personal finance #personalfinance,0,Neutral,937,32,8,16,15,7.58
1382,2026-07-17,TikTok,marketing,text,product feature overview for marketing #marketing,0,Neutral,1239,68,28,15,20,10.57
1383,2026-09-13,Instagram,fintech,video,smart data analytics for fintech #fintech,1,Positive,2478,101,61,37,44,9.81
1384,2026-08-29,LinkedIn,small business,carousel,trusted customer service for small business #smallbusiness,1,Positive,1316,79,29,17,22,11.17
1385,2026-01-01,X,personal finance,text,trusted customer service for personal finance #personalfinance,1,Positive,581,27,9,6,9,8.78
1386,2026-07-24,X,fintech,image,confusing user journey for fintech #fintech,-1,Negative,835,49,20,11,14,11.26
1387,2026-07-03,TikTok,fintech,short,fast mobile money growth for fintech #fintech,2,Positive,2668,179,30,32,23,9.9
1388,2026-05-31,Instagram,data analytics,video,weak engagement result for data analytics #dataanalytics,-1,Negative,1806,121,21,15,11,9.3
1389,2026-04-17,LinkedIn,personal finance,carousel,product feature overview for personal finance #personalfinance,0,Neutral,1006,40,22,4,5,7.06
1390,2026-04-14,X,data analytics,video,clear financial education for data analytics #dataanalytics,1,Positive,1151,80,25,13,11,11.21
1391,2026-07-08,LinkedIn,fintech,carousel,weak engagement result for fintech #fintech,-1,Negative,943,27,11,18,13,7.32
1392,2026-01-11,X,ecommerce,video,new campaign update for ecommerce #ecommerce,0,Neutral,874,60,14,21,5,11.44
1393,2026-09-18,Instagram,marketing,short,fast mobile money growth for marketing #marketing,2,Positive,1809,118,21,41,23,11.22
1394,2026-02-19,Instagram,fintech,short,simple dashboard insights for fintech #fintech,1,Positive,1885,187,26,14,30,13.63
1395,2026-01-29,Facebook,ecommerce,video,trusted customer service for ecommerce #ecommerce,1,Positive,1541,53,22,35,9,7.72
1396,2026-08-26,Facebook,fintech,video,customer feedback summary for fintech #fintech,0,Neutral,1355,92,6,20,8,9.3
1397,2026-04-22,TikTok,small business,video,confusing user journey for small business #smallbusiness,-1,Negative,1852,57,41,9,13,6.48
1398,2026-02-21,Instagram,small business,text,simple dashboard insights for small business #smallbusiness,1,Positive,1368,143,8,6,5,11.84
1399,2026-02-04,Facebook,ecommerce,carousel,trusted customer service for ecommerce #ecommerce,1,Positive,1156,94,28,7,3,11.42
1400,2026-01-06,X,ecommerce,text,risky payment delay for ecommerce #ecommerce,-1,Negative,362,25,2,3,3,9.12
1401,2026-04-27,Facebook,marketing,video,weak engagement result for marketing #marketing,-1,Negative,922,65,6,5,4,8.68
1402,2026-08-04,Instagram,marketing,video,slow support problem for marketing #marketing,-2,Negative,1712,62,26,49,26,9.52
1403,2026-06-03,Instagram,data analytics,carousel,brand awareness post for data analytics #dataanalytics,0,Neutral,1397,102,21,9,3,9.66
1404,2026-04-19,X,ecommerce,text,fast mobile money growth for ecommerce #ecommerce,2,Positive,715,50,14,10,9,11.61
1405,2026-08-21,TikTok,ecommerce,video,brand awareness post for ecommerce #ecommerce,0,Neutral,2073,174,37,30,22,12.69
1406,2026-02-25,TikTok,mobile money,carousel,fast mobile money growth for mobile money #mobilemoney,2,Positive,1915,129,12,36,24,10.5
1407,2026-07-27,Facebook,ecommerce,image,smart data analytics for ecommerce #ecommerce,1,Positive,785,65,5,11,8,11.34
1408,2026-04-05,TikTok,ecommerce,short,customer feedback summary for ecommerce #ecommerce,0,Neutral,2061,121,42,11,26,9.7
1409,2026-03-18,LinkedIn,data analytics,short,trusted customer service for data analytics #dataanalytics,1,Positive,1335,49,11,31,11,7.64
1410,2026-02-15,X,ecommerce,video,clear financial education for ecommerce #ecommerce,1,Positive,1179,103,26,21,9,13.49
1411,2026-09-09,Instagram,mobile money,carousel,slow support problem for mobile money #mobilemoney,-2,Negative,1357,58,13,32,4,7.89
1412,2026-03-11,Instagram,fintech,text,new campaign update for fintech #fintech,0,Neutral,888,22,16,3,9,5.63
1413,2026-05-14,TikTok,mobile money,carousel,slow support problem for mobile money #mobilemoney,-2,Negative,1389,55,17,32,11,8.28
1414,2026-02-24,Facebook,small business,image,expensive campaign loss for small business #smallbusiness,-2,Negative,933,40,8,5,12,6.97
1415,2026-08-21,TikTok,data analytics,video,trusted customer service for data analytics #dataanalytics,1,Positive,2807,168,68,80,15,11.79
1416,2026-02-26,X,ecommerce,video,fast mobile money growth for ecommerce #ecommerce,2,Positive,1326,80,25,15,11,9.88
1417,2026-09-02,TikTok,personal finance,short,customer feedback summary for personal finance #personalfinance,0,Neutral,2280,180,53,34,7,12.02
1418,2026-07-11,Instagram,fintech,text,simple dashboard insights for fintech #fintech,1,Positive,1134,79,21,15,10,11.02
1419,2026-03-15,LinkedIn,small business,carousel,product feature overview for small business #smallbusiness,0,Neutral,1113,96,25,15,7,12.85
1420,2026-08-01,Instagram,fintech,carousel,risky payment delay for fintech #fintech,-1,Negative,1439,102,19,19,15,10.77
1421,2026-03-18,Facebook,small business,carousel,fast mobile money growth for small business #smallbusiness,2,Positive,922,43,22,7,10,8.89
1422,2026-06-27,Instagram,data analytics,text,fast mobile money growth for data analytics #dataanalytics,2,Positive,1243,115,17,5,18,12.47
1423,2026-04-17,LinkedIn,personal finance,text,simple dashboard insights for personal finance #personalfinance,1,Positive,936,95,6,5,8,12.18
1424,2026-02-15,TikTok,mobile money,image,simple dashboard insights for mobile money #mobilemoney,1,Positive,2198,105,34,26,32,8.96
1425,2026-05-18,LinkedIn,marketing,image,clear financial education for marketing #marketing,1,Positive,1366,145,31,17,5,14.49
1426,2026-05-14,Instagram,marketing,short,smart data analytics for marketing #marketing,1,Positive,2301,118,53,9,37,9.43
1427,2026-07-25,TikTok,mobile money,image,clear financial education for mobile money #mobilemoney,1,Positive,1418,58,21,6,22,7.55
1428,2026-07-25,X,marketing,image,weak engagement result for marketing #marketing,-1,Negative,517,26,7,2,2,7.16
1429,2026-07-21,TikTok,small business,video,trusted customer service for small business #smallbusiness,1,Positive,3016,172,61,59,32,10.74
1430,2026-04-30,LinkedIn,personal finance,image,simple dashboard insights for personal finance #personalfinance,1,Positive,1086,86,6,7,4,9.48
1431,2026-08-15,TikTok,small business,text,brand awareness post for small business #smallbusiness,0,Neutral,1228,46,28,8,13,7.74
1432,2026-05-08,TikTok,mobile money,short,customer feedback summary for mobile money #mobilemoney,0,Neutral,2375,66,40,14,20,5.89
1433,2026-03-30,LinkedIn,marketing,image,customer feedback summary for marketing #marketing,0,Neutral,873,68,6,12,15,11.57
1434,2026-06-02,X,data analytics,text,smart data analytics for data analytics #dataanalytics,1,Positive,678,26,13,2,2,6.34
1435,2026-04-06,Instagram,marketing,image,expensive campaign loss for marketing #marketing,-2,Negative,1068,33,22,17,18,8.43
1436,2026-01-20,Facebook,mobile money,image,weak engagement result for mobile money #mobilemoney,-1,Negative,793,45,13,2,14,9.33
1437,2026-04-22,Facebook,personal finance,short,simple dashboard insights for personal finance #personalfinance,1,Positive,1111,64,15,29,12,10.8
1438,2026-06-12,Instagram,mobile money,video,fast mobile money growth for mobile money #mobilemoney,2,Positive,2300,212,32,68,29,14.83
1439,2026-05-30,Instagram,marketing,text,slow support problem for marketing #marketing,-2,Negative,595,40,14,7,9,11.76
1440,2026-01-07,X,data analytics,text,customer feedback summary for data analytics #dataanalytics,0,Neutral,282,8,1,1,4,4.96
1441,2026-07-01,X,data analytics,video,product feature overview for data analytics #dataanalytics,0,Neutral,1131,77,27,21,6,11.58
1442,2026-05-01,Facebook,fintech,carousel,simple dashboard insights for fintech #fintech,1,Positive,1299,57,15,24,9,8.08
1443,2026-08-09,TikTok,ecommerce,carousel,trusted customer service for ecommerce #ecommerce,1,Positive,2288,208,13,30,11,11.45
1444,2026-09-16,Facebook,personal finance,image,customer feedback summary for personal finance #personalfinance,0,Neutral,638,37,3,3,3,7.21
1445,2026-09-09,Instagram,mobile money,image,weak engagement result for mobile money #mobilemoney,-1,Negative,1167,41,18,12,8,6.77
1446,2026-02-04,Facebook,data analytics,text,expensive campaign loss for data analytics #dataanalytics,-2,Negative,471,14,10,2,2,5.94
1447,2026-07-29,LinkedIn,fintech,image,slow support problem for fintech #fintech,-2,Negative,913,57,15,7,7,9.42
1448,2026-05-15,X,ecommerce,short,new campaign update for ecommerce #ecommerce,0,Neutral,1100,32,11,15,14,6.55
1449,2026-08-17,Facebook,small business,video,slow support problem for small business #smallbusiness,-2,Negative,818,46,5,21,11,10.15
1450,2026-05-25,TikTok,small business,text,customer feedback summary for small business #smallbusiness,0,Neutral,1177,75,13,16,17,10.28
1451,2026-06-06,Instagram,marketing,text,customer feedback summary for marketing #marketing,0,Neutral,928,37,10,3,15,7.0
1452,2026-04-05,Instagram,personal finance,text,expensive campaign loss for personal finance #personalfinance,-2,Negative,1153,68,21,12,18,10.32
1453,2026-01-05,LinkedIn,ecommerce,text,risky payment delay for ecommerce #ecommerce,-1,Negative,706,14,6,2,7,4.11
1454,2026-06-18,Instagram,ecommerce,video,smart data analytics for ecommerce #ecommerce,1,Positive,2261,139,19,16,8,8.05
1455,2026-05-20,TikTok,small business,text,product feature overview for small business #smallbusiness,0,Neutral,865,37,13,8,9,7.75
1456,2026-02-05,Facebook,mobile money,image,confusing user journey for mobile money #mobilemoney,-1,Negative,641,26,10,10,7,8.27
1457,2026-06-20,Instagram,personal finance,carousel,simple dashboard insights for personal finance #personalfinance,1,Positive,1855,123,16,14,28,9.76
1458,2026-09-14,X,marketing,carousel,slow support problem for marketing #marketing,-2,Negative,974,57,10,23,11,10.37
1459,2026-04-26,Facebook,fintech,carousel,expensive campaign loss for fintech #fintech,-2,Negative,1091,51,6,6,10,6.69
1460,2026-08-05,TikTok,small business,video,expensive campaign loss for small business #smallbusiness,-2,Negative,2030,48,44,14,5,5.47
1461,2026-09-16,LinkedIn,mobile money,carousel,clear financial education for mobile money #mobilemoney,1,Positive,1265,71,27,26,7,10.36
1462,2026-06-27,X,mobile money,text,slow support problem for mobile money #mobilemoney,-2,Negative,621,42,3,3,9,9.18
1463,2026-05-10,LinkedIn,data analytics,video,trusted customer service for data analytics #dataanalytics,1,Positive,1581,99,32,21,15,10.56
1464,2026-04-19,LinkedIn,data analytics,carousel,product feature overview for data analytics #dataanalytics,0,Neutral,1101,61,17,12,5,8.63
1465,2026-01-11,X,ecommerce,carousel,brand awareness post for ecommerce #ecommerce,0,Neutral,738,47,18,14,7,11.65
1466,2026-04-17,LinkedIn,data analytics,image,slow support problem for data analytics #dataanalytics,-2,Negative,715,27,3,2,2,4.76
1467,2026-01-08,TikTok,data analytics,video,brand awareness post for data analytics #dataanalytics,0,Neutral,2629,70,21,78,38,7.87
1468,2026-06-08,TikTok,marketing,image,expensive campaign loss for marketing #marketing,-2,Negative,1628,62,13,16,18,6.7
1469,2026-09-07,TikTok,small business,text,weak engagement result for small business #smallbusiness,-1,Negative,1145,78,22,13,2,10.04
1470,2026-05-17,Instagram,personal finance,text,slow support problem for personal finance #personalfinance,-2,Negative,843,23,19,8,6,6.64
1471,2026-06-06,LinkedIn,small business,text,slow support problem for small business #smallbusiness,-2,Negative,642,15,4,9,10,5.92
1472,2026-01-19,TikTok,personal finance,text,trusted customer service for personal finance #personalfinance,1,Positive,1510,73,30,9,19,8.68
1473,2026-09-12,Facebook,mobile money,short,slow support problem for mobile money #mobilemoney,-2,Negative,856,29,11,5,2,5.49
1474,2026-03-07,X,mobile money,image,clear financial education for mobile money #mobilemoney,1,Positive,749,64,7,12,12,12.68
1475,2026-05-22,TikTok,mobile money,short,fast mobile money growth for mobile money #mobilemoney,2,Positive,2739,290,44,67,8,14.93
1476,2026-09-09,X,mobile money,video,trusted customer service for mobile money #mobilemoney,1,Positive,1142,46,19,13,9,7.62
1477,2026-09-18,LinkedIn,personal finance,short,brand awareness post for personal finance #personalfinance,0,Neutral,1389,93,14,10,3,8.64
1478,2026-04-03,X,mobile money,carousel,weekly market note for mobile money #mobilemoney,0,Neutral,900,44,11,13,6,8.22
1479,2026-08-28,X,ecommerce,image,customer feedback summary for ecommerce #ecommerce,0,Neutral,768,26,14,14,8,8.07
1480,2026-04-08,Instagram,marketing,carousel,weekly market note for marketing #marketing,0,Neutral,1391,76,21,22,23,10.21
1481,2026-06-19,LinkedIn,fintech,video,smart data analytics for fintech #fintech,1,Positive,1275,119,11,8,16,12.08
1482,2026-04-15,TikTok,personal finance,text,simple dashboard insights for personal finance #personalfinance,1,Positive,1513,51,37,12,26,8.33
1483,2026-06-23,X,small business,video,clear financial education for small business #smallbusiness,1,Positive,895,29,19,22,9,8.83
1484,2026-07-02,Facebook,ecommerce,video,fast mobile money growth for ecommerce #ecommerce,2,Positive,1789,85,13,20,10,7.15
1485,2026-07-10,TikTok,small business,image,confusing user journey for small business #smallbusiness,-1,Negative,1509,105,24,14,20,10.8
1486,2026-05-29,TikTok,ecommerce,short,risky payment delay for ecommerce #ecommerce,-1,Negative,1466,38,34,23,4,6.75
1487,2026-05-28,Instagram,small business,image,slow support problem for small business #smallbusiness,-2,Negative,1170,58,23,19,9,9.32
1488,2026-08-27,TikTok,fintech,short,trusted customer service for fintech #fintech,1,Positive,2566,268,21,28,28,13.45
1489,2026-04-12,LinkedIn,fintech,image,confusing user journey for fintech #fintech,-1,Negative,1053,24,15,13,17,6.55
1490,2026-02-06,LinkedIn,small business,image,fast mobile money growth for small business #smallbusiness,2,Positive,1054,46,4,8,5,5.98
1491,2026-08-16,X,mobile money,short,fast mobile money growth for mobile money #mobilemoney,2,Positive,1196,60,15,24,5,8.7
1492,2026-04-20,Facebook,small business,video,slow support problem for small business #smallbusiness,-2,Negative,707,36,16,8,11,10.04
1493,2026-05-22,LinkedIn,small business,video,new campaign update for small business #smallbusiness,0,Neutral,1612,117,24,40,5,11.54
1494,2026-07-26,Instagram,fintech,image,trusted customer service for fintech #fintech,1,Positive,1548,89,28,18,13,9.56
1495,2026-06-17,LinkedIn,personal finance,carousel,trusted customer service for personal finance #personalfinance,1,Positive,1034,50,8,8,7,7.06
1496,2026-07-13,X,marketing,image,trusted customer service for marketing #marketing,1,Positive,859,74,18,4,3,11.53
1497,2026-02-07,TikTok,small business,image,slow support problem for small business #smallbusiness,-2,Negative,1284,69,8,20,20,9.11
1498,2026-06-25,TikTok,ecommerce,short,simple dashboard insights for ecommerce #ecommerce,1,Positive,2513,208,34,36,7,11.34
1499,2026-04-03,X,mobile money,carousel,risky payment delay for mobile money #mobilemoney,-1,Negative,402,12,9,2,6,7.21
1500,2026-05-03,Facebook,marketing,text,customer feedback summary for marketing #marketing,0,Neutral,748,52,17,5,3,10.29
1501,2026-05-10,X,ecommerce,text,weekly market note for ecommerce #ecommerce,0,Neutral,604,46,5,8,1,9.93
1502,2026-06-14,LinkedIn,marketing,video,risky payment delay for marketing #marketing,-1,Negative,1043,39,14,11,8,6.9
1503,2026-01-16,Facebook,personal finance,carousel,trusted customer service for personal finance #personalfinance,1,Positive,1214,108,18,26,14,13.67
1504,2026-01-15,Instagram,personal finance,text,simple dashboard insights for personal finance #personalfinance,1,Positive,957,63,8,13,11,9.93
1505,2026-02-25,Facebook,ecommerce,image,brand awareness post for ecommerce #ecommerce,0,Neutral,953,30,22,6,10,7.14
1506,2026-01-11,TikTok,fintech,video,clear financial education for fintech #fintech,1,Positive,3255,152,40,16,40,7.62
1507,2026-07-20,X,fintech,text,simple dashboard insights for fintech #fintech,1,Positive,378,25,4,5,1,9.26
1508,2026-05-24,TikTok,marketing,carousel,new campaign update for marketing #marketing,0,Neutral,1693,123,17,7,15,9.57
1509,2026-04-14,Facebook,fintech,short,brand awareness post for fintech #fintech,0,Neutral,1315,78,24,9,3,8.67
1510,2026-07-04,TikTok,small business,image,clear financial education for small business #smallbusiness,1,Positive,1781,162,31,23,25,13.53
1511,2026-06-09,X,mobile money,video,weak engagement result for mobile money #mobilemoney,-1,Negative,831,18,17,11,11,6.86
1512,2026-07-20,X,personal finance,video,clear financial education for personal finance #personalfinance,1,Positive,1507,115,20,23,10,11.15
1513,2026-04-13,X,marketing,text,smart data analytics for marketing #marketing,1,Positive,611,24,4,7,2,6.06
1514,2026-08-25,TikTok,small business,text,smart data analytics for small business #smallbusiness,1,Positive,1604,104,27,17,14,10.1
1515,2026-06-13,TikTok,fintech,text,smart data analytics for fintech #fintech,1,Positive,1263,43,8,4,10,5.15
1516,2026-06-25,Facebook,data analytics,text,smart data analytics for data analytics #dataanalytics,1,Positive,328,14,6,3,5,8.54
1517,2026-03-14,X,small business,carousel,product feature overview for small business #smallbusiness,0,Neutral,849,44,17,19,4,9.89
1518,2026-05-31,Instagram,small business,carousel,confusing user journey for small business #smallbusiness,-1,Negative,1347,98,26,22,24,12.62
1519,2026-04-09,X,marketing,text,clear financial education for marketing #marketing,1,Positive,665,35,11,1,2,7.37
1520,2026-07-23,LinkedIn,small business,video,weak engagement result for small business #smallbusiness,-1,Negative,1296,67,21,13,14,8.87
1521,2026-05-20,X,fintech,short,simple dashboard insights for fintech #fintech,1,Positive,1148,113,10,20,7,13.07
1522,2026-04-19,Facebook,marketing,carousel,simple dashboard insights for marketing #marketing,1,Positive,1176,66,13,12,13,8.84
1523,2026-03-28,X,personal finance,short,brand awareness post for personal finance #personalfinance,0,Neutral,1173,96,28,23,15,13.81
1524,2026-08-18,Instagram,personal finance,video,expensive campaign loss for personal finance #personalfinance,-2,Negative,1595,36,38,12,20,6.65
1525,2026-02-11,Facebook,marketing,text,weak engagement result for marketing #marketing,-1,Negative,414,8,4,2,5,4.59
1526,2026-01-08,LinkedIn,marketing,text,weekly market note for marketing #marketing,0,Neutral,411,19,3,5,7,8.27
1527,2026-05-22,LinkedIn,fintech,video,brand awareness post for fintech #fintech,0,Neutral,1313,83,22,23,14,10.81
1528,2026-08-13,Facebook,fintech,carousel,slow support problem for fintech #fintech,-2,Negative,862,54,7,7,2,8.12
1529,2026-05-02,X,personal finance,short,brand awareness post for personal finance #personalfinance,0,Neutral,937,45,5,18,15,8.86
1530,2026-03-08,TikTok,ecommerce,carousel,smart data analytics for ecommerce #ecommerce,1,Positive,2357,212,50,13,8,12.01
1531,2026-06-23,LinkedIn,fintech,short,weak engagement result for fintech #fintech,-1,Negative,985,54,16,7,16,9.44
1532,2026-03-23,LinkedIn,personal finance,text,brand awareness post for personal finance #personalfinance,0,Neutral,864,66,16,3,9,10.88
1533,2026-05-27,X,fintech,text,clear financial education for fintech #fintech,1,Positive,694,47,11,10,1,9.94
1534,2026-08-18,LinkedIn,personal finance,short,new campaign update for personal finance #personalfinance,0,Neutral,1346,40,5,8,18,5.27
1535,2026-08-21,Facebook,data analytics,carousel,risky payment delay for data analytics #dataanalytics,-1,Negative,891,25,8,5,14,5.84
1536,2026-06-19,LinkedIn,data analytics,text,simple dashboard insights for data analytics #dataanalytics,1,Positive,1071,68,9,11,14,9.52
1537,2026-05-27,LinkedIn,data analytics,short,fast mobile money growth for data analytics #dataanalytics,2,Positive,1415,88,24,9,24,10.25
1538,2026-07-27,LinkedIn,small business,image,smart data analytics for small business #smallbusiness,1,Positive,1120,59,12,18,18,9.55
1539,2026-05-07,Facebook,small business,video,risky payment delay for small business #smallbusiness,-1,Negative,872,39,10,6,12,7.68
1540,2026-01-06,Facebook,ecommerce,video,simple dashboard insights for ecommerce #ecommerce,1,Positive,1356,90,24,35,8,11.58
1541,2026-03-11,X,fintech,carousel,weak engagement result for fintech #fintech,-1,Negative,889,60,5,4,7,8.55
1542,2026-06-12,LinkedIn,marketing,short,weekly market note for marketing #marketing,0,Neutral,1109,92,21,23,14,13.53
1543,2026-07-19,X,ecommerce,video,product feature overview for ecommerce #ecommerce,0,Neutral,926,75,17,7,9,11.66
1544,2026-07-06,TikTok,data analytics,carousel,expensive campaign loss for data analytics #dataanalytics,-2,Negative,1261,59,12,24,21,9.2
1545,2026-08-12,LinkedIn,small business,text,new campaign update for small business #smallbusiness,0,Neutral,819,32,9,2,14,6.96
1546,2026-04-17,TikTok,data analytics,carousel,product feature overview for data analytics #dataanalytics,0,Neutral,2214,134,29,11,5,8.08
1547,2026-01-24,X,marketing,image,weekly market note for marketing #marketing,0,Neutral,773,37,4,3,11,7.12
1548,2026-07-22,Facebook,fintech,image,slow support problem for fintech #fintech,-2,Negative,459,28,7,6,6,10.24
1549,2026-07-11,LinkedIn,mobile money,short,clear financial education for mobile money #mobilemoney,1,Positive,941,80,6,4,7,10.31
1550,2026-01-18,TikTok,ecommerce,short,brand awareness post for ecommerce #ecommerce,0,Neutral,1911,149,47,17,12,11.77
1551,2026-03-05,X,marketing,short,simple dashboard insights for marketing #marketing,1,Positive,992,62,23,7,8,10.08
1552,2026-04-25,LinkedIn,mobile money,video,clear financial education for mobile money #mobilemoney,1,Positive,1517,96,6,7,26,8.9
1553,2026-09-10,Facebook,data analytics,text,weak engagement result for data analytics #dataanalytics,-1,Negative,490,29,2,5,5,8.37
1554,2026-05-12,X,fintech,image,trusted customer service for fintech #fintech,1,Positive,867,75,13,14,5,12.34
1555,2026-07-30,X,fintech,video,new campaign update for fintech #fintech,0,Neutral,739,63,8,6,1,10.55
1556,2026-08-24,Instagram,data analytics,carousel,clear financial education for data analytics #dataanalytics,1,Positive,1979,104,16,34,24,8.99
1557,2026-04-21,Instagram,marketing,carousel,new campaign update for marketing #marketing,0,Neutral,1578,76,39,27,26,10.65
1558,2026-05-19,TikTok,ecommerce,text,brand awareness post for ecommerce #ecommerce,0,Neutral,1207,44,17,12,16,7.37
1559,2026-09-13,X,small business,image,weak engagement result for small business #smallbusiness,-1,Negative,629,25,9,3,6,6.84
1560,2026-03-04,Facebook,mobile money,short,simple dashboard insights for mobile money #mobilemoney,1,Positive,1322,88,14,19,23,10.89
1561,2026-08-22,TikTok,small business,video,weekly market note for small business #smallbusiness,0,Neutral,2287,120,29,53,35,10.36
1562,2026-05-11,Facebook,data analytics,short,trusted customer service for data analytics #dataanalytics,1,Positive,828,86,18,3,8,13.89
1563,2026-01-03,Instagram,ecommerce,video,product feature overview for ecommerce #ecommerce,0,Neutral,1759,107,32,19,25,10.4
1564,2026-01-25,Instagram,data analytics,video,brand awareness post for data analytics #dataanalytics,0,Neutral,1702,90,39,22,18,9.93
1565,2026-02-01,TikTok,ecommerce,text,expensive campaign loss for ecommerce #ecommerce,-2,Negative,1164,67,8,9,3,7.47
1566,2026-03-27,TikTok,fintech,image,fast mobile money growth for fintech #fintech,2,Positive,1774,146,24,25,11,11.61
1567,2026-07-01,LinkedIn,small business,text,fast mobile money growth for small business #smallbusiness,2,Positive,894,42,5,12,11,7.83
1568,2026-06-16,TikTok,fintech,text,smart data analytics for fintech #fintech,1,Positive,1524,108,28,15,11,10.63
1569,2026-06-25,TikTok,data analytics,image,brand awareness post for data analytics #dataanalytics,0,Neutral,1619,59,12,16,23,6.79
1570,2026-04-16,Instagram,mobile money,text,smart data analytics for mobile money #mobilemoney,1,Positive,1280,131,13,8,11,12.73
1571,2026-03-16,X,fintech,carousel,new campaign update for fintech #fintech,0,Neutral,1122,61,13,13,18,9.36
1572,2026-01-17,Facebook,data analytics,image,brand awareness post for data analytics #dataanalytics,0,Neutral,580,33,5,7,9,9.31
1573,2026-02-04,Instagram,data analytics,video,brand awareness post for data analytics #dataanalytics,0,Neutral,2068,135,28,51,24,11.51
1574,2026-02-12,X,small business,video,weak engagement result for small business #smallbusiness,-1,Negative,789,23,15,10,7,6.97
1575,2026-06-29,Instagram,ecommerce,carousel,clear financial education for ecommerce #ecommerce,1,Positive,1801,55,11,30,7,5.72
1576,2026-05-31,Facebook,marketing,image,slow support problem for marketing #marketing,-2,Negative,944,45,8,6,6,6.89
1577,2026-08-16,Instagram,mobile money,text,slow support problem for mobile money #mobilemoney,-2,Negative,938,21,21,3,9,5.76
1578,2026-03-09,TikTok,marketing,text,customer feedback summary for marketing #marketing,0,Neutral,882,61,6,4,12,9.41
1579,2026-03-16,Facebook,fintech,text,smart data analytics for fintech #fintech,1,Positive,605,27,6,5,3,6.78
1580,2026-06-15,Instagram,marketing,short,simple dashboard insights for marketing #marketing,1,Positive,2144,173,10,49,26,12.03
1581,2026-09-18,TikTok,ecommerce,short,clear financial education for ecommerce #ecommerce,1,Positive,2450,76,12,43,26,6.41
1582,2026-09-11,LinkedIn,small business,video,simple dashboard insights for small business #smallbusiness,1,Positive,1576,72,26,45,15,10.03
1583,2026-01-07,TikTok,data analytics,video,clear financial education for data analytics #dataanalytics,1,Positive,2488,162,13,34,23,9.32
1584,2026-03-30,LinkedIn,personal finance,carousel,new campaign update for personal finance #personalfinance,0,Neutral,759,27,12,12,6,7.51
1585,2026-02-10,X,mobile money,video,trusted customer service for mobile money #mobilemoney,1,Positive,811,78,8,6,2,11.59
1586,2026-05-30,LinkedIn,mobile money,short,trusted customer service for mobile money #mobilemoney,1,Positive,1269,83,6,8,16,8.9
1587,2026-09-01,Instagram,data analytics,text,expensive campaign loss for data analytics #dataanalytics,-2,Negative,521,33,5,2,6,8.83
1588,2026-07-28,X,data analytics,video,customer feedback summary for data analytics #dataanalytics,0,Neutral,835,62,7,10,6,10.18
1589,2026-02-24,LinkedIn,personal finance,image,slow support problem for personal finance #personalfinance,-2,Negative,621,35,7,1,8,8.21
1590,2026-01-09,X,marketing,short,weak engagement result for marketing #marketing,-1,Negative,550,15,4,8,8,6.36
1591,2026-01-13,Instagram,personal finance,carousel,risky payment delay for personal finance #personalfinance,-1,Negative,1084,29,26,4,11,6.46
1592,2026-05-16,Instagram,marketing,text,product feature overview for marketing #marketing,0,Neutral,1010,76,22,9,8,11.39
1593,2026-04-06,LinkedIn,small business,image,trusted customer service for small business #smallbusiness,1,Positive,932,85,21,11,10,13.63
1594,2026-08-23,LinkedIn,marketing,short,smart data analytics for marketing #marketing,1,Positive,1607,100,15,34,6,9.65
1595,2026-01-12,X,mobile money,short,expensive campaign loss for mobile money #mobilemoney,-2,Negative,855,37,12,9,5,7.37
1596,2026-05-09,X,marketing,carousel,expensive campaign loss for marketing #marketing,-2,Negative,797,28,18,13,3,7.78
1597,2026-04-13,X,ecommerce,text,product feature overview for ecommerce #ecommerce,0,Neutral,262,15,6,2,2,9.54
1598,2026-07-12,X,data analytics,video,new campaign update for data analytics #dataanalytics,0,Neutral,713,20,5,16,6,6.59
1599,2026-03-30,Instagram,mobile money,video,confusing user journey for mobile money #mobilemoney,-1,Negative,1669,74,11,22,14,7.25
1600,2026-01-02,LinkedIn,data analytics,text,trusted customer service for data analytics #dataanalytics,1,Positive,681,52,4,1,6,9.25
1601,2026-07-20,LinkedIn,fintech,video,fast mobile money growth for fintech #fintech,2,Positive,1694,140,31,16,15,11.92
1602,2026-04-03,X,data analytics,text,smart data analytics for data analytics #dataanalytics,1,Positive,641,60,15,8,1,13.1
1603,2026-03-21,LinkedIn,small business,video,brand awareness post for small business #smallbusiness,0,Neutral,1320,82,19,36,6,10.83
1604,2026-01-03,LinkedIn,small business,text,simple dashboard insights for small business #smallbusiness,1,Positive,659,56,3,6,9,11.23
1605,2026-05-12,X,small business,video,fast mobile money growth for small business #smallbusiness,2,Positive,973,80,6,11,6,10.59
1606,2026-03-16,TikTok,ecommerce,video,brand awareness post for ecommerce #ecommerce,0,Neutral,2409,114,20,59,38,9.59
1607,2026-01-28,LinkedIn,ecommerce,text,new campaign update for ecommerce #ecommerce,0,Neutral,452,15,5,6,2,6.19
1608,2026-07-21,LinkedIn,data analytics,text,brand awareness post for data analytics #dataanalytics,0,Neutral,655,39,8,1,2,7.63
1609,2026-06-16,LinkedIn,data analytics,video,confusing user journey for data analytics #dataanalytics,-1,Negative,956,29,7,8,5,5.13
1610,2026-02-14,LinkedIn,small business,image,confusing user journey for small business #smallbusiness,-1,Negative,385,9,5,5,2,5.45
1611,2026-07-25,Instagram,mobile money,video,clear financial education for mobile money #mobilemoney,1,Positive,2312,216,28,50,15,13.37
1612,2026-07-06,Facebook,marketing,image,slow support problem for marketing #marketing,-2,Negative,837,18,13,2,5,4.54
1613,2026-08-17,LinkedIn,data analytics,text,smart data analytics for data analytics #dataanalytics,1,Positive,883,78,11,3,2,10.65
1614,2026-01-27,X,mobile money,video,customer feedback summary for mobile money #mobilemoney,0,Neutral,1213,102,18,7,20,12.12
1615,2026-04-29,Instagram,fintech,text,weekly market note for fintech #fintech,0,Neutral,768,28,17,11,10,8.59
1616,2026-02-27,TikTok,ecommerce,short,simple dashboard insights for ecommerce #ecommerce,1,Positive,2700,265,37,59,28,14.41
1617,2026-04-26,TikTok,fintech,carousel,clear financial education for fintech #fintech,1,Positive,2092,200,30,46,23,14.29
1618,2026-02-04,TikTok,marketing,text,weak engagement result for marketing #marketing,-1,Negative,984,51,6,3,13,7.42
1619,2026-08-09,Facebook,fintech,text,trusted customer service for fintech #fintech,1,Positive,865,30,11,6,8,6.36
1620,2026-03-27,Facebook,marketing,image,trusted customer service for marketing #marketing,1,Positive,835,45,15,8,8,9.1
1621,2026-07-05,LinkedIn,marketing,short,product feature overview for marketing #marketing,0,Neutral,1329,39,6,9,15,5.19
1622,2026-02-05,LinkedIn,fintech,image,expensive campaign loss for fintech #fintech,-2,Negative,1031,75,9,18,2,10.09
1623,2026-04-15,TikTok,small business,carousel,simple dashboard insights for small business #smallbusiness,1,Positive,2078,106,43,18,14,8.71
1624,2026-06-17,Facebook,fintech,carousel,customer feedback summary for fintech #fintech,0,Neutral,1066,72,7,6,4,8.35
1625,2026-03-12,Facebook,small business,video,fast mobile money growth for small business #smallbusiness,2,Positive,1327,92,18,22,17,11.23
1626,2026-09-18,Instagram,personal finance,carousel,trusted customer service for personal finance #personalfinance,1,Positive,1786,135,41,22,20,12.21
1627,2026-06-27,LinkedIn,personal finance,video,confusing user journey for personal finance #personalfinance,-1,Negative,1491,92,12,33,24,10.8
1628,2026-03-04,Instagram,marketing,short,simple dashboard insights for marketing #marketing,1,Positive,2199,88,34,11,31,7.46
1629,2026-01-18,X,marketing,short,confusing user journey for marketing #marketing,-1,Negative,1099,34,20,4,16,6.73
1630,2026-05-03,LinkedIn,data analytics,carousel,risky payment delay for data analytics #dataanalytics,-1,Negative,732,17,6,13,12,6.56
1631,2026-08-12,Facebook,personal finance,carousel,customer feedback summary for personal finance #personalfinance,0,Neutral,955,54,23,12,8,10.16
1632,2026-08-10,Facebook,fintech,text,smart data analytics for fintech #fintech,1,Positive,733,51,3,10,6,9.55
1633,2026-06-26,TikTok,small business,text,new campaign update for small business #smallbusiness,0,Neutral,1160,104,5,3,10,10.52
1634,2026-07-05,Instagram,fintech,text,clear financial education for fintech #fintech,1,Positive,1169,38,17,7,4,5.65
1635,2026-02-03,TikTok,mobile money,carousel,slow support problem for mobile money #mobilemoney,-2,Negative,1645,93,18,12,21,8.75
1636,2026-05-10,X,ecommerce,text,trusted customer service for ecommerce #ecommerce,1,Positive,978,78,7,9,16,11.25
1637,2026-01-02,Instagram,personal finance,carousel,fast mobile money growth for personal finance #personalfinance,2,Positive,1673,121,31,36,27,12.85
1638,2026-08-30,LinkedIn,mobile money,video,fast mobile money growth for mobile money #mobilemoney,2,Positive,1380,42,10,40,6,7.1
1639,2026-03-05,X,ecommerce,carousel,clear financial education for ecommerce #ecommerce,1,Positive,1194,118,5,14,10,12.31
1640,2026-08-27,X,personal finance,image,fast mobile money growth for personal finance #personalfinance,2,Positive,981,102,12,8,15,13.97
1641,2026-01-31,LinkedIn,data analytics,short,weak engagement result for data analytics #dataanalytics,-1,Negative,724,30,4,14,6,7.46
1642,2026-09-01,LinkedIn,ecommerce,image,fast mobile money growth for ecommerce #ecommerce,2,Positive,1001,67,9,5,8,8.89
1643,2026-05-25,X,mobile money,short,clear financial education for mobile money #mobilemoney,1,Positive,1173,101,17,9,13,11.94
1644,2026-03-16,Facebook,small business,image,fast mobile money growth for small business #smallbusiness,2,Positive,815,25,6,6,14,6.26
1645,2026-06-02,Instagram,marketing,video,expensive campaign loss for marketing #marketing,-2,Negative,1461,57,36,19,24,9.31
1646,2026-06-07,TikTok,personal finance,video,smart data analytics for personal finance #personalfinance,1,Positive,2837,270,49,27,20,12.9
1647,2026-04-10,LinkedIn,mobile money,carousel,new campaign update for mobile money #mobilemoney,0,Neutral,857,25,16,15,5,7.12
1648,2026-01-15,X,data analytics,text,simple dashboard insights for data analytics #dataanalytics,1,Positive,1091,98,7,2,13,11.0
1649,2026-01-01,X,mobile money,carousel,slow support problem for mobile money #mobilemoney,-2,Negative,456,32,9,9,1,11.18
1650,2026-04-28,Facebook,marketing,short,fast mobile money growth for marketing #marketing,2,Positive,1230,77,16,12,4,8.86
1651,2026-05-05,Facebook,marketing,carousel,clear financial education for marketing #marketing,1,Positive,600,44,7,7,2,10.0
1652,2026-08-25,Facebook,fintech,video,expensive campaign loss for fintech #fintech,-2,Negative,1342,89,15,33,11,11.03
1653,2026-06-09,TikTok,small business,text,smart data analytics for small business #smallbusiness,1,Positive,1498,92,21,6,20,9.28
1654,2026-04-18,TikTok,marketing,carousel,fast mobile money growth for marketing #marketing,2,Positive,2217,120,18,10,34,8.21
1655,2026-09-12,X,fintech,carousel,fast mobile money growth for fintech #fintech,2,Positive,1269,45,8,26,4,6.54
1656,2026-07-20,X,marketing,text,expensive campaign loss for marketing #marketing,-2,Negative,438,29,2,1,0,7.31
1657,2026-05-09,LinkedIn,small business,image,brand awareness post for small business #smallbusiness,0,Neutral,1366,41,13,15,10,5.78
1658,2026-02-28,LinkedIn,data analytics,short,confusing user journey for data analytics #dataanalytics,-1,Negative,960,68,5,23,6,10.62
1659,2026-05-13,LinkedIn,personal finance,image,simple dashboard insights for personal finance #personalfinance,1,Positive,1118,34,16,13,7,6.26
1660,2026-08-11,Facebook,mobile money,text,slow support problem for mobile money #mobilemoney,-2,Negative,555,18,4,3,5,5.41
1661,2026-01-11,X,data analytics,carousel,brand awareness post for data analytics #dataanalytics,0,Neutral,1158,93,5,16,12,10.88
1662,2026-08-19,LinkedIn,mobile money,text,trusted customer service for mobile money #mobilemoney,1,Positive,1009,39,15,6,11,7.04
1663,2026-06-27,LinkedIn,marketing,video,weekly market note for marketing #marketing,0,Neutral,1497,86,22,20,23,10.09
1664,2026-04-19,LinkedIn,personal finance,carousel,fast mobile money growth for personal finance #personalfinance,2,Positive,1490,58,8,19,25,7.38
1665,2026-06-28,Facebook,mobile money,short,brand awareness post for mobile money #mobilemoney,0,Neutral,1161,30,13,23,9,6.46
1666,2026-01-07,TikTok,fintech,image,fast mobile money growth for fintech #fintech,2,Positive,1779,155,25,21,6,11.64
1667,2026-08-20,Facebook,data analytics,image,weak engagement result for data analytics #dataanalytics,-1,Negative,890,60,5,11,13,10.0
1668,2026-04-25,TikTok,mobile money,video,brand awareness post for mobile money #mobilemoney,0,Neutral,2374,192,18,27,27,11.12
1669,2026-04-07,Instagram,mobile money,carousel,trusted customer service for mobile money #mobilemoney,1,Positive,1844,102,26,7,30,8.95
1670,2026-08-18,Instagram,marketing,text,simple dashboard insights for marketing #marketing,1,Positive,1036,40,12,8,14,7.14
1671,2026-04-18,Facebook,ecommerce,video,new campaign update for ecommerce #ecommerce,0,Neutral,1258,93,25,17,14,11.84
1672,2026-08-12,X,personal finance,image,clear financial education for personal finance #personalfinance,1,Positive,1021,91,10,12,2,11.26
1673,2026-06-20,Facebook,marketing,image,confusing user journey for marketing #marketing,-1,Negative,428,22,4,8,6,9.35
1674,2026-01-01,LinkedIn,ecommerce,image,smart data analytics for ecommerce #ecommerce,1,Positive,1016,32,24,19,13,8.66
1675,2026-05-31,TikTok,data analytics,text,weekly market note for data analytics #dataanalytics,0,Neutral,1079,76,24,6,3,10.1
1676,2026-05-03,LinkedIn,mobile money,image,trusted customer service for mobile money #mobilemoney,1,Positive,1106,48,24,14,12,8.86
1677,2026-08-25,LinkedIn,data analytics,carousel,clear financial education for data analytics #dataanalytics,1,Positive,995,98,20,4,2,12.46
1678,2026-01-30,X,ecommerce,short,risky payment delay for ecommerce #ecommerce,-1,Negative,733,41,13,10,5,9.41
1679,2026-01-07,LinkedIn,fintech,carousel,clear financial education for fintech #fintech,1,Positive,1041,34,8,18,15,7.2
1680,2026-09-12,Instagram,data analytics,text,risky payment delay for data analytics #dataanalytics,-1,Negative,563,32,9,4,7,9.24
1681,2026-06-18,Facebook,small business,video,weak engagement result for small business #smallbusiness,-1,Negative,1054,31,18,9,18,7.21
1682,2026-05-18,LinkedIn,fintech,text,clear financial education for fintech #fintech,1,Positive,882,72,7,11,2,10.43
1683,2026-01-29,Instagram,data analytics,video,expensive campaign loss for data analytics #dataanalytics,-2,Negative,1719,73,7,37,6,7.16
1684,2026-06-03,LinkedIn,small business,video,weak engagement result for small business #smallbusiness,-1,Negative,1137,26,13,16,19,6.51
1685,2026-07-01,TikTok,ecommerce,image,simple dashboard insights for ecommerce #ecommerce,1,Positive,2315,119,16,43,19,8.51
1686,2026-01-17,Instagram,mobile money,carousel,customer feedback summary for mobile money #mobilemoney,0,Neutral,1704,100,7,19,18,8.45
1687,2026-07-23,TikTok,fintech,video,smart data analytics for fintech #fintech,1,Positive,2642,251,45,73,6,14.19
1688,2026-06-23,X,data analytics,text,brand awareness post for data analytics #dataanalytics,0,Neutral,664,57,6,8,3,11.14
1689,2026-08-15,Instagram,mobile money,short,trusted customer service for mobile money #mobilemoney,1,Positive,1935,200,29,44,8,14.52
1690,2026-03-16,Facebook,fintech,short,slow support problem for fintech #fintech,-2,Negative,706,22,12,7,3,6.23
1691,2026-07-20,LinkedIn,personal finance,short,fast mobile money growth for personal finance #personalfinance,2,Positive,1264,52,9,31,14,8.39
1692,2026-04-17,TikTok,fintech,image,trusted customer service for fintech #fintech,1,Positive,2066,105,40,30,30,9.92
1693,2026-03-02,Facebook,marketing,text,clear financial education for marketing #marketing,1,Positive,525,26,3,6,8,8.19
1694,2026-02-03,X,personal finance,short,fast mobile money growth for personal finance #personalfinance,2,Positive,1253,51,23,8,4,6.86
1695,2026-06-08,Facebook,personal finance,short,clear financial education for personal finance #personalfinance,1,Positive,1130,89,7,15,14,11.06
1696,2026-07-31,Facebook,fintech,image,clear financial education for fintech #fintech,1,Positive,1003,48,16,11,5,7.98
1697,2026-09-04,Instagram,ecommerce,carousel,clear financial education for ecommerce #ecommerce,1,Positive,1828,140,31,36,23,12.58
1698,2026-06-05,TikTok,small business,video,weekly market note for small business #smallbusiness,0,Neutral,2429,175,10,50,20,10.5
1699,2026-08-19,LinkedIn,marketing,video,customer feedback summary for marketing #marketing,0,Neutral,1759,151,35,32,17,13.36
1700,2026-03-23,Instagram,ecommerce,image,new campaign update for ecommerce #ecommerce,0,Neutral,1286,32,8,22,7,5.37
1701,2026-09-17,TikTok,fintech,carousel,fast mobile money growth for fintech #fintech,2,Positive,2481,87,38,22,32,7.21
1702,2026-07-11,Instagram,ecommerce,short,confusing user journey for ecommerce #ecommerce,-1,Negative,1386,49,23,12,20,7.5
1703,2026-04-16,LinkedIn,personal finance,carousel,risky payment delay for personal finance #personalfinance,-1,Negative,868,30,6,18,9,7.26
1704,2026-04-30,Facebook,data analytics,image,clear financial education for data analytics #dataanalytics,1,Positive,916,39,22,11,4,8.3
1705,2026-06-04,LinkedIn,fintech,text,brand awareness post for fintech #fintech,0,Neutral,870,32,13,12,13,8.05
1706,2026-09-05,Instagram,marketing,carousel,clear financial education for marketing #marketing,1,Positive,1795,87,14,8,23,7.35
1707,2026-09-09,X,fintech,short,confusing user journey for fintech #fintech,-1,Negative,704,32,6,5,6,6.96
1708,2026-04-09,Instagram,personal finance,image,simple dashboard insights for personal finance #personalfinance,1,Positive,1634,92,10,4,20,7.71
1709,2026-07-19,X,marketing,text,customer feedback summary for marketing #marketing,0,Neutral,358,32,1,3,4,11.17
1710,2026-07-11,Instagram,fintech,text,expensive campaign loss for fintech #fintech,-2,Negative,1072,70,7,4,10,8.49
1711,2026-01-10,Facebook,fintech,carousel,expensive campaign loss for fintech #fintech,-2,Negative,868,35,21,10,6,8.29
1712,2026-08-14,Facebook,personal finance,carousel,smart data analytics for personal finance #personalfinance,1,Positive,1111,101,19,14,19,13.77
1713,2026-05-13,LinkedIn,personal finance,text,brand awareness post for personal finance #personalfinance,0,Neutral,511,30,9,3,7,9.59
1714,2026-05-27,X,data analytics,carousel,clear financial education for data analytics #dataanalytics,1,Positive,1228,101,8,6,8,10.02
1715,2026-03-01,LinkedIn,fintech,text,risky payment delay for fintech #fintech,-1,Negative,713,48,6,7,2,8.84
1716,2026-06-16,Instagram,mobile money,carousel,customer feedback summary for mobile money #mobilemoney,0,Neutral,1472,127,36,7,26,13.32
1717,2026-03-25,LinkedIn,data analytics,text,product feature overview for data analytics #dataanalytics,0,Neutral,880,22,20,3,5,5.68
1718,2026-04-18,LinkedIn,mobile money,carousel,new campaign update for mobile money #mobilemoney,0,Neutral,1519,39,7,20,8,4.87
1719,2026-04-12,Facebook,fintech,short,clear financial education for fintech #fintech,1,Positive,1127,47,13,19,16,8.43
1720,2026-08-30,X,personal finance,text,customer feedback summary for personal finance #personalfinance,0,Neutral,623,50,9,5,10,11.88
1721,2026-07-21,Instagram,ecommerce,short,new campaign update for ecommerce #ecommerce,0,Neutral,1322,59,16,11,10,7.26
1722,2026-03-29,Facebook,data analytics,carousel,risky payment delay for data analytics #dataanalytics,-1,Negative,676,49,12,14,10,12.57
1723,2026-07-08,Instagram,mobile money,text,simple dashboard insights for mobile money #mobilemoney,1,Positive,965,95,20,12,2,13.37
1724,2026-03-07,Instagram,personal finance,image,expensive campaign loss for personal finance #personalfinance,-2,Negative,1214,78,13,21,6,9.72
1725,2026-03-11,Instagram,ecommerce,image,product feature overview for ecommerce #ecommerce,0,Neutral,1500,111,7,24,10,10.13
1726,2026-04-01,Facebook,ecommerce,text,clear financial education for ecommerce #ecommerce,1,Positive,843,38,5,10,6,7.0
1727,2026-05-03,TikTok,small business,carousel,clear financial education for small business #smallbusiness,1,Positive,2173,176,52,27,38,13.48
1728,2026-08-25,LinkedIn,marketing,video,expensive campaign loss for marketing #marketing,-2,Negative,1085,27,20,27,8,7.56
1729,2026-02-15,TikTok,marketing,video,confusing user journey for marketing #marketing,-1,Negative,1847,111,30,50,25,11.69
1730,2026-01-14,Facebook,fintech,text,customer feedback summary for fintech #fintech,0,Neutral,413,21,2,2,6,7.51
1731,2026-05-19,TikTok,fintech,short,trusted customer service for fintech #fintech,1,Positive,2796,245,45,40,19,12.48
1732,2026-03-15,TikTok,fintech,image,brand awareness post for fintech #fintech,0,Neutral,1531,115,37,18,14,12.02
1733,2026-04-16,Facebook,fintech,text,clear financial education for fintech #fintech,1,Positive,853,34,5,5,12,6.57
1734,2026-01-05,Instagram,small business,carousel,simple dashboard insights for small business #smallbusiness,1,Positive,2008,208,32,25,34,14.89
1735,2026-07-10,TikTok,small business,video,slow support problem for small business #smallbusiness,-2,Negative,1685,119,41,45,12,12.88
1736,2026-03-18,TikTok,marketing,carousel,expensive campaign loss for marketing #marketing,-2,Negative,1584,42,31,20,3,6.06
1737,2026-01-15,X,fintech,short,fast mobile money growth for fintech #fintech,2,Positive,850,26,16,16,6,7.53
1738,2026-05-04,Instagram,personal finance,video,risky payment delay for personal finance #personalfinance,-1,Negative,1317,44,30,26,6,8.05
1739,2026-01-27,LinkedIn,data analytics,short,clear financial education for data analytics #dataanalytics,1,Positive,1649,84,22,39,10,9.4
1740,2026-05-16,LinkedIn,small business,carousel,smart data analytics for small business #smallbusiness,1,Positive,886,41,10,15,15,9.14
1741,2026-08-16,Instagram,data analytics,image,clear financial education for data analytics #dataanalytics,1,Positive,1619,110,24,31,18,11.3
1742,2026-07-12,X,fintech,text,clear financial education for fintech #fintech,1,Positive,747,56,9,2,2,9.24
1743,2026-09-04,X,data analytics,text,confusing user journey for data analytics #dataanalytics,-1,Negative,358,19,6,2,1,7.82
1744,2026-05-28,TikTok,small business,image,product feature overview for small business #smallbusiness,0,Neutral,1255,54,14,13,16,7.73
1745,2026-06-26,X,personal finance,video,slow support problem for personal finance #personalfinance,-2,Negative,968,59,11,8,9,8.99
1746,2026-03-08,TikTok,fintech,short,product feature overview for fintech #fintech,0,Neutral,2251,196,21,13,14,10.84
1747,2026-08-26,LinkedIn,personal finance,image,smart data analytics for personal finance #personalfinance,1,Positive,972,46,23,5,8,8.44
1748,2026-02-13,X,ecommerce,carousel,smart data analytics for ecommerce #ecommerce,1,Positive,941,98,4,18,15,14.35
1749,2026-06-20,X,ecommerce,carousel,confusing user journey for ecommerce #ecommerce,-1,Negative,686,37,16,10,8,10.35
1750,2026-09-13,Instagram,ecommerce,short,risky payment delay for ecommerce #ecommerce,-1,Negative,1430,76,33,7,22,9.65
1751,2026-06-09,Facebook,ecommerce,image,expensive campaign loss for ecommerce #ecommerce,-2,Negative,720,35,7,3,6,7.08
1752,2026-02-21,TikTok,data analytics,video,customer feedback summary for data analytics #dataanalytics,0,Neutral,2470,62,22,13,41,5.59
1753,2026-01-03,TikTok,data analytics,text,weak engagement result for data analytics #dataanalytics,-1,Negative,1140,28,8,16,8,5.26
1754,2026-05-25,X,personal finance,carousel,simple dashboard insights for personal finance #personalfinance,1,Positive,1044,54,12,11,17,9.0
1755,2026-05-11,X,ecommerce,carousel,confusing user journey for ecommerce #ecommerce,-1,Negative,580,25,6,8,9,8.28
1756,2026-02-04,Facebook,mobile money,video,risky payment delay for mobile money #mobilemoney,-1,Negative,1029,66,11,12,2,8.84
1757,2026-07-13,Instagram,data analytics,video,weak engagement result for data analytics #dataanalytics,-1,Negative,1778,37,43,32,29,7.93
1758,2026-04-29,Instagram,fintech,video,clear financial education for fintech #fintech,1,Positive,2540,152,28,61,15,10.08
1759,2026-08-28,Instagram,ecommerce,carousel,customer feedback summary for ecommerce #ecommerce,0,Neutral,1459,53,7,20,6,5.89
1760,2026-04-19,TikTok,marketing,video,simple dashboard insights for marketing #marketing,1,Positive,2805,233,12,68,50,12.94
1761,2026-08-01,X,small business,text,customer feedback summary for small business #smallbusiness,0,Neutral,624,17,15,8,6,7.37
1762,2026-08-20,Instagram,fintech,video,clear financial education for fintech #fintech,1,Positive,2345,133,57,31,20,10.28
1763,2026-09-10,X,small business,image,simple dashboard insights for small business #smallbusiness,1,Positive,481,45,6,4,4,12.27
1764,2026-02-12,TikTok,mobile money,text,weekly market note for mobile money #mobilemoney,0,Neutral,1395,125,26,10,8,12.11
1765,2026-07-29,X,personal finance,short,fast mobile money growth for personal finance #personalfinance,2,Positive,1251,90,20,28,21,12.71
1766,2026-03-28,Instagram,data analytics,short,confusing user journey for data analytics #dataanalytics,-1,Negative,1528,111,26,32,17,12.17
1767,2026-03-27,Facebook,fintech,image,risky payment delay for fintech #fintech,-1,Negative,765,28,7,7,1,5.62
1768,2026-07-02,TikTok,data analytics,image,brand awareness post for data analytics #dataanalytics,0,Neutral,1417,98,16,12,12,9.74
1769,2026-02-08,LinkedIn,fintech,short,smart data analytics for fintech #fintech,1,Positive,1534,117,6,17,3,9.32
1770,2026-05-07,TikTok,mobile money,short,confusing user journey for mobile money #mobilemoney,-1,Negative,1963,124,14,41,33,10.8
1771,2026-07-15,LinkedIn,data analytics,carousel,customer feedback summary for data analytics #dataanalytics,0,Neutral,1010,82,5,6,17,10.89
1772,2026-01-29,Instagram,mobile money,video,clear financial education for mobile money #mobilemoney,1,Positive,2173,218,8,39,16,12.93
1773,2026-04-04,TikTok,data analytics,video,new campaign update for data analytics #dataanalytics,0,Neutral,2281,64,22,28,35,6.53
1774,2026-06-25,Facebook,personal finance,short,trusted customer service for personal finance #personalfinance,1,Positive,1215,62,29,29,20,11.52
1775,2026-04-20,X,ecommerce,carousel,weekly market note for ecommerce #ecommerce,0,Neutral,1177,31,24,6,3,5.44
1776,2026-09-04,Facebook,fintech,text,weak engagement result for fintech #fintech,-1,Negative,124,4,2,0,2,6.45
1777,2026-03-03,Facebook,small business,text,expensive campaign loss for small business #smallbusiness,-2,Negative,487,33,2,4,7,9.45
1778,2026-06-05,Instagram,mobile money,image,expensive campaign loss for mobile money #mobilemoney,-2,Negative,1008,65,8,8,2,8.23
1779,2026-03-25,Instagram,data analytics,text,confusing user journey for data analytics #dataanalytics,-1,Negative,619,31,6,9,4,8.08
1780,2026-03-08,LinkedIn,personal finance,image,customer feedback summary for personal finance #personalfinance,0,Neutral,672,25,7,13,5,7.44
1781,2026-03-29,X,mobile money,image,customer feedback summary for mobile money #mobilemoney,0,Neutral,575,26,13,1,1,7.13
1782,2026-05-28,X,marketing,short,weekly market note for marketing #marketing,0,Neutral,700,36,11,11,9,9.57
1783,2026-06-27,TikTok,mobile money,text,confusing user journey for mobile money #mobilemoney,-1,Negative,1109,73,11,3,16,9.29
1784,2026-02-12,X,mobile money,carousel,product feature overview for mobile money #mobilemoney,0,Neutral,860,56,13,15,6,10.47
1785,2026-05-09,LinkedIn,personal finance,video,slow support problem for personal finance #personalfinance,-2,Negative,1034,24,24,18,9,7.25
1786,2026-08-18,TikTok,personal finance,short,weak engagement result for personal finance #personalfinance,-1,Negative,1747,59,15,34,14,6.98
1787,2026-09-08,Instagram,mobile money,image,simple dashboard insights for mobile money #mobilemoney,1,Positive,1843,140,27,5,15,10.15
1788,2026-07-06,TikTok,data analytics,carousel,slow support problem for data analytics #dataanalytics,-2,Negative,1546,112,29,32,12,11.97
1789,2026-02-14,LinkedIn,marketing,image,fast mobile money growth for marketing #marketing,2,Positive,1186,35,18,8,3,5.4
1790,2026-05-27,Instagram,marketing,carousel,smart data analytics for marketing #marketing,1,Positive,2018,133,10,33,28,10.11
1791,2026-05-27,TikTok,fintech,video,risky payment delay for fintech #fintech,-1,Negative,2270,107,39,56,40,10.66
1792,2026-01-07,X,data analytics,text,confusing user journey for data analytics #dataanalytics,-1,Negative,452,31,7,2,2,9.29
1793,2026-06-08,Instagram,fintech,text,customer feedback summary for fintech #fintech,0,Neutral,950,82,23,8,2,12.11
1794,2026-05-21,TikTok,data analytics,video,simple dashboard insights for data analytics #dataanalytics,1,Positive,3091,160,48,78,19,9.87
1795,2026-03-04,TikTok,mobile money,video,clear financial education for mobile money #mobilemoney,1,Positive,3228,147,69,87,34,10.44
1796,2026-07-27,X,fintech,video,weekly market note for fintech #fintech,0,Neutral,769,21,6,17,10,7.02
1797,2026-03-13,LinkedIn,ecommerce,text,smart data analytics for ecommerce #ecommerce,1,Positive,758,50,11,8,1,9.23
1798,2026-05-31,TikTok,marketing,text,customer feedback summary for marketing #marketing,0,Neutral,1398,89,16,20,4,9.23
1799,2026-03-18,X,data analytics,short,fast mobile money growth for data analytics #dataanalytics,2,Positive,731,59,14,14,4,12.45
1800,2026-08-08,X,marketing,image,trusted customer service for marketing #marketing,1,Positive,1114,117,13,7,6,12.84
1801,2026-09-13,Facebook,ecommerce,short,simple dashboard insights for ecommerce #ecommerce,1,Positive,1495,134,12,25,4,11.71
1802,2026-07-25,Facebook,fintech,image,simple dashboard insights for fintech #fintech,1,Positive,975,98,9,12,11,13.33
1803,2026-03-08,Instagram,fintech,image,clear financial education for fintech #fintech,1,Positive,1720,86,33,12,3,7.79
1804,2026-03-24,Facebook,mobile money,carousel,weekly market note for mobile money #mobilemoney,0,Neutral,731,38,4,13,7,8.48
1805,2026-04-16,LinkedIn,ecommerce,video,trusted customer service for ecommerce #ecommerce,1,Positive,1422,139,10,39,3,13.43
1806,2026-02-05,X,personal finance,video,risky payment delay for personal finance #personalfinance,-1,Negative,543,18,4,4,8,6.26
1807,2026-01-09,X,fintech,text,brand awareness post for fintech #fintech,0,Neutral,686,32,16,2,6,8.16
1808,2026-01-22,LinkedIn,marketing,short,fast mobile money growth for marketing #marketing,2,Positive,1233,85,11,9,16,9.81
1809,2026-03-19,X,fintech,video,brand awareness post for fintech #fintech,0,Neutral,1092,51,9,28,13,9.25
1810,2026-07-13,X,small business,text,smart data analytics for small business #smallbusiness,1,Positive,801,28,13,8,11,7.49
1811,2026-02-24,LinkedIn,marketing,short,fast mobile money growth for marketing #marketing,2,Positive,1271,50,31,31,5,9.21
1812,2026-05-27,TikTok,mobile money,text,brand awareness post for mobile money #mobilemoney,0,Neutral,817,70,20,2,8,12.24
1813,2026-07-30,LinkedIn,fintech,carousel,brand awareness post for fintech #fintech,0,Neutral,1021,79,14,8,16,11.46
1814,2026-06-09,TikTok,data analytics,image,product feature overview for data analytics #dataanalytics,0,Neutral,1205,32,11,13,12,5.64
1815,2026-09-11,X,mobile money,text,customer feedback summary for mobile money #mobilemoney,0,Neutral,763,26,6,3,4,5.11
1816,2026-07-20,LinkedIn,data analytics,image,new campaign update for data analytics #dataanalytics,0,Neutral,489,28,2,2,6,7.77
1817,2026-05-14,LinkedIn,mobile money,image,confusing user journey for mobile money #mobilemoney,-1,Negative,742,22,11,6,1,5.39
1818,2026-08-23,LinkedIn,personal finance,text,simple dashboard insights for personal finance #personalfinance,1,Positive,795,63,19,8,13,12.96
1819,2026-02-17,Instagram,fintech,image,clear financial education for fintech #fintech,1,Positive,1459,121,22,20,17,12.34
1820,2026-06-18,X,fintech,text,trusted customer service for fintech #fintech,1,Positive,897,54,4,13,7,8.7
1821,2026-02-09,TikTok,fintech,short,slow support problem for fintech #fintech,-2,Negative,1790,128,22,38,26,11.96
1822,2026-03-03,LinkedIn,small business,short,weekly market note for small business #smallbusiness,0,Neutral,834,48,7,20,10,10.19
1823,2026-06-29,TikTok,ecommerce,text,smart data analytics for ecommerce #ecommerce,1,Positive,1564,148,25,19,4,12.53
1824,2026-06-02,LinkedIn,marketing,image,product feature overview for marketing #marketing,0,Neutral,936,63,16,7,2,9.4
1825,2026-01-26,LinkedIn,fintech,image,weak engagement result for fintech #fintech,-1,Negative,784,57,14,2,6,10.08
1826,2026-01-26,Facebook,marketing,short,confusing user journey for marketing #marketing,-1,Negative,850,24,10,16,4,6.35
1827,2026-02-12,LinkedIn,ecommerce,carousel,confusing user journey for ecommerce #ecommerce,-1,Negative,901,64,22,11,6,11.43
1828,2026-09-08,TikTok,small business,text,new campaign update for small business #smallbusiness,0,Neutral,1187,88,28,12,5,11.2
1829,2026-03-26,TikTok,fintech,image,new campaign update for fintech #fintech,0,Neutral,1704,76,17,32,30,9.1
1830,2026-07-28,LinkedIn,data analytics,image,smart data analytics for data analytics #dataanalytics,1,Positive,1152,82,13,15,13,10.68
1831,2026-06-18,X,marketing,carousel,trusted customer service for marketing #marketing,1,Positive,807,51,5,11,10,9.54
1832,2026-04-26,TikTok,data analytics,carousel,weak engagement result for data analytics #dataanalytics,-1,Negative,1585,101,11,18,3,8.39
1833,2026-07-21,LinkedIn,personal finance,video,weekly market note for personal finance #personalfinance,0,Neutral,1606,46,15,38,14,7.04
1834,2026-03-29,TikTok,ecommerce,short,customer feedback summary for ecommerce #ecommerce,0,Neutral,1821,60,27,26,19,7.25
1835,2026-02-17,Facebook,personal finance,image,brand awareness post for personal finance #personalfinance,0,Neutral,841,27,9,10,4,5.95
1836,2026-06-14,Instagram,fintech,video,simple dashboard insights for fintech #fintech,1,Positive,2598,82,58,46,28,8.24
1837,2026-07-13,Facebook,fintech,video,fast mobile money growth for fintech #fintech,2,Positive,1333,98,15,10,7,9.75
1838,2026-01-17,LinkedIn,small business,text,fast mobile money growth for small business #smallbusiness,2,Positive,789,32,11,7,4,6.84
1839,2026-03-04,LinkedIn,small business,text,smart data analytics for small business #smallbusiness,1,Positive,734,68,8,2,7,11.58
1840,2026-06-05,TikTok,marketing,text,weekly market note for marketing #marketing,0,Neutral,1174,86,10,6,10,9.54
1841,2026-06-11,Facebook,small business,carousel,weekly market note for small business #smallbusiness,0,Neutral,673,37,8,11,1,8.47
1842,2026-05-02,LinkedIn,fintech,short,brand awareness post for fintech #fintech,0,Neutral,1163,52,15,12,14,8.0
1843,2026-02-03,X,personal finance,image,confusing user journey for personal finance #personalfinance,-1,Negative,625,26,4,7,6,6.88
1844,2026-03-05,X,mobile money,video,new campaign update for mobile money #mobilemoney,0,Neutral,860,63,9,14,7,10.81
1845,2026-08-04,Instagram,personal finance,image,fast mobile money growth for personal finance #personalfinance,2,Positive,1373,143,24,8,3,12.96
1846,2026-06-11,X,fintech,text,smart data analytics for fintech #fintech,1,Positive,547,49,9,6,2,12.07
1847,2026-07-20,Facebook,data analytics,short,trusted customer service for data analytics #dataanalytics,1,Positive,1330,136,20,27,7,14.29
1848,2026-06-26,Instagram,mobile money,text,customer feedback summary for mobile money #mobilemoney,0,Neutral,1286,32,6,5,6,3.81
1849,2026-02-02,LinkedIn,fintech,carousel,weak engagement result for fintech #fintech,-1,Negative,826,48,17,16,14,11.5
1850,2026-04-24,X,data analytics,image,fast mobile money growth for data analytics #dataanalytics,2,Positive,849,63,4,7,13,10.25
1851,2026-08-29,Facebook,marketing,image,product feature overview for marketing #marketing,0,Neutral,880,72,4,13,9,11.14
1852,2026-06-06,TikTok,personal finance,video,product feature overview for personal finance #personalfinance,0,Neutral,2198,189,36,26,10,11.87
1853,2026-02-18,TikTok,small business,short,simple dashboard insights for small business #smallbusiness,1,Positive,2361,172,52,50,26,12.71
1854,2026-07-03,LinkedIn,ecommerce,carousel,clear financial education for ecommerce #ecommerce,1,Positive,1126,74,25,5,10,10.12
1855,2026-05-04,Facebook,marketing,image,smart data analytics for marketing #marketing,1,Positive,1025,84,5,17,17,12.0
1856,2026-05-18,TikTok,personal finance,carousel,clear financial education for personal finance #personalfinance,1,Positive,2426,206,26,34,20,11.79
1857,2026-07-09,X,small business,carousel,weak engagement result for small business #smallbusiness,-1,Negative,712,36,6,14,4,8.43
1858,2026-05-07,Facebook,ecommerce,carousel,customer feedback summary for ecommerce #ecommerce,0,Neutral,1029,25,16,18,10,6.71
1859,2026-09-18,X,ecommerce,text,product feature overview for ecommerce #ecommerce,0,Neutral,242,15,5,2,0,9.09
1860,2026-09-04,Instagram,personal finance,text,expensive campaign loss for personal finance #personalfinance,-2,Negative,674,23,5,1,3,4.75
1861,2026-04-07,Instagram,marketing,short,simple dashboard insights for marketing #marketing,1,Positive,2025,184,43,45,19,14.37
1862,2026-07-14,TikTok,personal finance,short,brand awareness post for personal finance #personalfinance,0,Neutral,2333,87,39,49,10,7.93
1863,2026-04-04,X,mobile money,video,new campaign update for mobile money #mobilemoney,0,Neutral,1286,42,5,16,11,5.75
1864,2026-03-05,Facebook,marketing,image,fast mobile money growth for marketing #marketing,2,Positive,793,43,7,11,11,9.08
1865,2026-03-15,Facebook,personal finance,video,simple dashboard insights for personal finance #personalfinance,1,Positive,1328,82,6,38,5,9.86
1866,2026-04-29,X,mobile money,video,product feature overview for mobile money #mobilemoney,0,Neutral,761,21,3,5,6,4.6
1867,2026-01-09,Instagram,ecommerce,video,smart data analytics for ecommerce #ecommerce,1,Positive,2343,231,57,31,16,14.3
1868,2026-06-08,Instagram,fintech,image,new campaign update for fintech #fintech,0,Neutral,1287,73,10,13,7,8.0
1869,2026-08-10,LinkedIn,fintech,carousel,weekly market note for fintech #fintech,0,Neutral,1171,92,11,8,15,10.76
1870,2026-04-01,Instagram,ecommerce,text,clear financial education for ecommerce #ecommerce,1,Positive,1323,139,28,5,11,13.83
1871,2026-03-31,X,fintech,video,new campaign update for fintech #fintech,0,Neutral,1098,88,26,24,2,12.75
1872,2026-05-20,Instagram,marketing,short,fast mobile money growth for marketing #marketing,2,Positive,2444,206,46,16,7,11.25
1873,2026-09-16,LinkedIn,ecommerce,short,fast mobile money growth for ecommerce #ecommerce,2,Positive,1686,58,31,18,23,7.71
1874,2026-01-04,Instagram,marketing,text,brand awareness post for marketing #marketing,0,Neutral,1052,92,21,8,14,12.83
1875,2026-01-25,X,ecommerce,carousel,slow support problem for ecommerce #ecommerce,-2,Negative,539,11,6,3,1,3.9
1876,2026-03-19,TikTok,marketing,image,brand awareness post for marketing #marketing,0,Neutral,1623,144,14,30,26,13.19
1877,2026-01-23,LinkedIn,fintech,carousel,customer feedback summary for fintech #fintech,0,Neutral,1299,88,30,13,3,10.32
1878,2026-03-24,TikTok,data analytics,carousel,simple dashboard insights for data analytics #dataanalytics,1,Positive,2623,134,59,19,15,8.65
1879,2026-05-05,Instagram,ecommerce,image,trusted customer service for ecommerce #ecommerce,1,Positive,1845,130,42,16,31,11.87
1880,2026-01-24,X,mobile money,video,brand awareness post for mobile money #mobilemoney,0,Neutral,1186,93,29,35,14,14.42
1881,2026-08-10,TikTok,personal finance,text,smart data analytics for personal finance #personalfinance,1,Positive,1173,71,8,17,9,8.95
1882,2026-05-26,X,marketing,text,simple dashboard insights for marketing #marketing,1,Positive,453,36,10,6,5,12.58
1883,2026-08-25,TikTok,fintech,text,new campaign update for fintech #fintech,0,Neutral,1236,31,23,10,5,5.58
1884,2026-02-06,X,fintech,short,smart data analytics for fintech #fintech,1,Positive,1099,41,5,27,7,7.28
1885,2026-05-04,X,marketing,video,clear financial education for marketing #marketing,1,Positive,1309,133,5,34,16,14.36
1886,2026-08-25,Facebook,marketing,video,new campaign update for marketing #marketing,0,Neutral,951,82,10,22,13,13.35
1887,2026-05-19,Instagram,fintech,text,trusted customer service for fintech #fintech,1,Positive,1130,90,24,8,19,12.48
1888,2026-02-02,Facebook,mobile money,carousel,simple dashboard insights for mobile money #mobilemoney,1,Positive,1293,39,19,23,17,7.58
1889,2026-01-04,Instagram,fintech,video,risky payment delay for fintech #fintech,-1,Negative,1435,100,29,40,9,12.4
1890,2026-05-03,Facebook,personal finance,image,smart data analytics for personal finance #personalfinance,1,Positive,1034,86,5,20,17,12.38
1891,2026-07-15,LinkedIn,mobile money,short,product feature overview for mobile money #mobilemoney,0,Neutral,1256,46,27,16,14,8.2
1892,2026-03-18,TikTok,personal finance,video,simple dashboard insights for personal finance #personalfinance,1,Positive,2646,215,56,41,13,12.28
1893,2026-01-10,LinkedIn,fintech,text,weekly market note for fintech #fintech,0,Neutral,589,28,6,7,7,8.15
1894,2026-09-14,Instagram,fintech,short,weak engagement result for fintech #fintech,-1,Negative,1253,36,12,25,5,6.23
1895,2026-02-17,TikTok,fintech,image,slow support problem for fintech #fintech,-2,Negative,1442,69,35,14,6,8.6
1896,2026-09-17,Facebook,marketing,carousel,clear financial education for marketing #marketing,1,Positive,999,30,22,22,9,8.31
1897,2026-04-25,X,small business,short,weekly market note for small business #smallbusiness,0,Neutral,941,55,4,21,12,9.78
1898,2026-02-12,Instagram,personal finance,image,smart data analytics for personal finance #personalfinance,1,Positive,1449,105,19,14,10,10.21
1899,2026-09-05,Facebook,marketing,video,product feature overview for marketing #marketing,0,Neutral,1406,101,18,21,24,11.66
1900,2026-03-16,TikTok,mobile money,video,clear financial education for mobile money #mobilemoney,1,Positive,2835,91,50,81,12,8.25
1901,2026-06-07,Instagram,data analytics,video,product feature overview for data analytics #dataanalytics,0,Neutral,2050,74,30,36,18,7.71
1902,2026-06-14,LinkedIn,mobile money,video,product feature overview for mobile money #mobilemoney,0,Neutral,1192,101,11,11,12,11.33
1903,2026-07-29,Instagram,data analytics,short,product feature overview for data analytics #dataanalytics,0,Neutral,1725,102,33,14,10,9.22
1904,2026-09-02,LinkedIn,marketing,short,product feature overview for marketing #marketing,0,Neutral,1035,86,13,6,8,10.92
1905,2026-05-26,TikTok,small business,text,clear financial education for small business #smallbusiness,1,Positive,1134,62,11,9,2,7.41
1906,2026-06-14,TikTok,mobile money,video,new campaign update for mobile money #mobilemoney,0,Neutral,2322,127,35,48,39,10.72
1907,2026-03-17,Facebook,data analytics,image,brand awareness post for data analytics #dataanalytics,0,Neutral,788,54,13,7,3,9.77
1908,2026-03-16,Instagram,ecommerce,video,slow support problem for ecommerce #ecommerce,-2,Negative,1623,41,36,47,16,8.63
1909,2026-04-11,TikTok,fintech,video,clear financial education for fintech #fintech,1,Positive,2759,259,46,67,27,14.46
1910,2026-01-07,Instagram,personal finance,image,brand awareness post for personal finance #personalfinance,0,Neutral,1209,105,10,11,6,10.92
1911,2026-01-25,TikTok,data analytics,image,brand awareness post for data analytics #dataanalytics,0,Neutral,1132,62,5,9,15,8.04
1912,2026-07-13,Facebook,personal finance,carousel,expensive campaign loss for personal finance #personalfinance,-2,Negative,1315,38,26,25,17,8.06
1913,2026-07-29,Instagram,ecommerce,video,new campaign update for ecommerce #ecommerce,0,Neutral,1843,50,43,48,24,8.95
1914,2026-03-03,TikTok,marketing,video,simple dashboard insights for marketing #marketing,1,Positive,2394,148,53,44,6,10.48
1915,2026-07-03,TikTok,small business,text,expensive campaign loss for small business #smallbusiness,-2,Negative,1013,31,13,2,4,4.94
1916,2026-06-09,TikTok,personal finance,video,confusing user journey for personal finance #personalfinance,-1,Negative,1842,103,35,53,5,10.64
1917,2026-01-20,Instagram,fintech,text,simple dashboard insights for fintech #fintech,1,Positive,924,74,17,13,5,11.8
1918,2026-05-17,Facebook,personal finance,video,smart data analytics for personal finance #personalfinance,1,Positive,1426,76,5,34,18,9.33
1919,2026-06-19,Instagram,mobile money,short,expensive campaign loss for mobile money #mobilemoney,-2,Negative,1318,42,24,22,6,7.13
1920,2026-05-20,LinkedIn,data analytics,text,trusted customer service for data analytics #dataanalytics,1,Positive,807,59,8,4,12,10.29
1921,2026-08-28,Instagram,data analytics,image,trusted customer service for data analytics #dataanalytics,1,Positive,1485,117,28,17,15,11.92
1922,2026-04-13,Instagram,mobile money,short,smart data analytics for mobile money #mobilemoney,1,Positive,2058,204,18,30,4,12.44
1923,2026-01-17,Facebook,marketing,video,clear financial education for marketing #marketing,1,Positive,1144,33,4,17,9,5.51
1924,2026-08-25,TikTok,data analytics,text,trusted customer service for data analytics #dataanalytics,1,Positive,1386,67,21,12,20,8.66
1925,2026-01-11,X,data analytics,text,smart data analytics for data analytics #dataanalytics,1,Positive,173,15,3,1,1,11.56
1926,2026-06-28,TikTok,fintech,image,customer feedback summary for fintech #fintech,0,Neutral,1704,116,26,21,26,11.09
1927,2026-01-15,LinkedIn,mobile money,short,new campaign update for mobile money #mobilemoney,0,Neutral,1184,88,6,13,21,10.81
1928,2026-08-30,LinkedIn,ecommerce,text,customer feedback summary for ecommerce #ecommerce,0,Neutral,636,24,3,4,7,5.97
1929,2026-06-02,Facebook,data analytics,carousel,confusing user journey for data analytics #dataanalytics,-1,Negative,743,54,8,16,6,11.31
1930,2026-03-04,X,marketing,text,slow support problem for marketing #marketing,-2,Negative,104,4,1,1,1,6.73
1931,2026-08-26,Instagram,data analytics,carousel,weak engagement result for data analytics #dataanalytics,-1,Negative,1452,91,10,16,9,8.68
1932,2026-07-05,Instagram,small business,video,weak engagement result for small business #smallbusiness,-1,Negative,1519,31,34,38,16,7.83
1933,2026-02-13,Facebook,personal finance,short,smart data analytics for personal finance #personalfinance,1,Positive,1177,71,10,28,15,10.54
1934,2026-09-07,TikTok,ecommerce,short,risky payment delay for ecommerce #ecommerce,-1,Negative,2059,115,17,42,24,9.62
1935,2026-05-02,TikTok,fintech,video,clear financial education for fintech #fintech,1,Positive,2733,275,41,66,34,15.22
1936,2026-05-10,LinkedIn,data analytics,image,trusted customer service for data analytics #dataanalytics,1,Positive,1159,75,6,6,5,7.94
1937,2026-03-20,TikTok,small business,short,expensive campaign loss for small business #smallbusiness,-2,Negative,1733,127,23,40,28,12.58
1938,2026-04-27,TikTok,ecommerce,video,weak engagement result for ecommerce #ecommerce,-1,Negative,2223,105,15,16,18,6.93
1939,2026-07-18,Instagram,personal finance,image,trusted customer service for personal finance #personalfinance,1,Positive,1538,127,23,30,7,12.16
1940,2026-02-26,TikTok,ecommerce,short,expensive campaign loss for ecommerce #ecommerce,-2,Negative,1938,65,7,27,21,6.19
1941,2026-05-13,X,ecommerce,text,clear financial education for ecommerce #ecommerce,1,Positive,432,18,4,5,5,7.41
1942,2026-06-16,TikTok,ecommerce,video,risky payment delay for ecommerce #ecommerce,-1,Negative,2178,60,30,26,9,5.74
1943,2026-01-14,Facebook,personal finance,short,smart data analytics for personal finance #personalfinance,1,Positive,1230,105,11,19,11,11.87
1944,2026-03-10,LinkedIn,marketing,short,fast mobile money growth for marketing #marketing,2,Positive,1674,98,21,19,21,9.5
1945,2026-09-17,LinkedIn,ecommerce,image,smart data analytics for ecommerce #ecommerce,1,Positive,930,41,13,12,13,8.49
1946,2026-02-18,X,fintech,carousel,new campaign update for fintech #fintech,0,Neutral,717,48,17,12,10,12.13
1947,2026-01-18,Facebook,personal finance,image,fast mobile money growth for personal finance #personalfinance,2,Positive,879,79,9,3,2,10.58
1948,2026-08-17,X,mobile money,carousel,confusing user journey for mobile money #mobilemoney,-1,Negative,718,29,5,10,10,7.52
1949,2026-04-12,Instagram,ecommerce,short,simple dashboard insights for ecommerce #ecommerce,1,Positive,1994,130,35,8,23,9.83
1950,2026-01-07,TikTok,data analytics,image,customer feedback summary for data analytics #dataanalytics,0,Neutral,1434,68,15,22,3,7.53
1951,2026-01-12,X,small business,image,fast mobile money growth for small business #smallbusiness,2,Positive,798,28,14,10,12,8.02
1952,2026-08-02,Facebook,data analytics,text,new campaign update for data analytics #dataanalytics,0,Neutral,722,57,6,2,2,9.28
1953,2026-04-27,Facebook,mobile money,image,trusted customer service for mobile money #mobilemoney,1,Positive,1217,40,28,20,14,8.38
1954,2026-08-02,TikTok,ecommerce,short,expensive campaign loss for ecommerce #ecommerce,-2,Negative,1196,40,26,27,11,8.7
1955,2026-03-02,X,ecommerce,image,new campaign update for ecommerce #ecommerce,0,Neutral,1117,69,15,13,12,9.76
1956,2026-02-21,LinkedIn,small business,video,product feature overview for small business #smallbusiness,0,Neutral,1362,42,18,17,7,6.17
1957,2026-09-13,TikTok,fintech,text,fast mobile money growth for fintech #fintech,2,Positive,1794,141,29,26,10,11.48
1958,2026-02-07,TikTok,marketing,image,clear financial education for marketing #marketing,1,Positive,1874,110,14,33,9,8.86
1959,2026-06-15,Facebook,marketing,image,simple dashboard insights for marketing #marketing,1,Positive,423,38,5,1,5,11.58
1960,2026-02-28,TikTok,fintech,short,risky payment delay for fintech #fintech,-1,Negative,1720,54,42,18,10,7.21
1961,2026-06-09,Instagram,small business,image,clear financial education for small business #smallbusiness,1,Positive,1619,156,31,23,23,14.39
1962,2026-06-06,Instagram,small business,video,clear financial education for small business #smallbusiness,1,Positive,2450,96,50,26,16,7.67
1963,2026-05-13,Facebook,ecommerce,carousel,customer feedback summary for ecommerce #ecommerce,0,Neutral,1002,45,12,14,10,8.08
1964,2026-02-21,LinkedIn,fintech,image,product feature overview for fintech #fintech,0,Neutral,1096,34,25,6,9,6.75
1965,2026-09-18,Facebook,data analytics,image,product feature overview for data analytics #dataanalytics,0,Neutral,913,31,8,10,10,6.46
1966,2026-04-16,LinkedIn,personal finance,image,product feature overview for personal finance #personalfinance,0,Neutral,601,36,14,10,9,11.48
1967,2026-01-24,TikTok,small business,carousel,product feature overview for small business #smallbusiness,0,Neutral,2024,74,44,25,26,8.35
1968,2026-07-03,TikTok,data analytics,image,fast mobile money growth for data analytics #dataanalytics,2,Positive,2027,92,21,21,11,7.15
1969,2026-05-25,TikTok,data analytics,carousel,simple dashboard insights for data analytics #dataanalytics,1,Positive,2273,71,21,29,6,5.59
1970,2026-05-10,X,small business,image,smart data analytics for small business #smallbusiness,1,Positive,1219,106,15,17,16,12.63
1971,2026-04-05,Facebook,data analytics,video,smart data analytics for data analytics #dataanalytics,1,Positive,1301,89,14,25,16,11.07
1972,2026-06-29,X,mobile money,short,expensive campaign loss for mobile money #mobilemoney,-2,Negative,857,32,20,5,8,7.58
1973,2026-04-20,Facebook,ecommerce,video,product feature overview for ecommerce #ecommerce,0,Neutral,1028,91,5,8,6,10.7
1974,2026-02-06,Instagram,ecommerce,carousel,weekly market note for ecommerce #ecommerce,0,Neutral,1726,76,42,8,5,7.59
1975,2026-06-11,Facebook,ecommerce,short,risky payment delay for ecommerce #ecommerce,-1,Negative,1134,38,19,29,3,7.85
1976,2026-03-22,TikTok,personal finance,short,fast mobile money growth for personal finance #personalfinance,2,Positive,2752,109,48,53,40,9.08
1977,2026-07-22,LinkedIn,marketing,carousel,slow support problem for marketing #marketing,-2,Negative,830,33,10,8,3,6.51
1978,2026-01-20,Instagram,fintech,text,customer feedback summary for fintech #fintech,0,Neutral,1278,51,13,15,10,6.96
1979,2026-07-05,TikTok,data analytics,carousel,trusted customer service for data analytics #dataanalytics,1,Positive,2364,89,52,42,38,9.35
1980,2026-05-29,Facebook,personal finance,text,simple dashboard insights for personal finance #personalfinance,1,Positive,743,72,6,7,11,12.92
1981,2026-01-19,TikTok,data analytics,video,brand awareness post for data analytics #dataanalytics,0,Neutral,2329,149,45,60,28,12.11
1982,2026-02-28,Instagram,marketing,carousel,customer feedback summary for marketing #marketing,0,Neutral,1422,96,16,25,22,11.18
1983,2026-05-10,Instagram,small business,carousel,customer feedback summary for small business #smallbusiness,0,Neutral,1275,83,6,14,6,8.55
1984,2026-01-13,Instagram,small business,text,simple dashboard insights for small business #smallbusiness,1,Positive,1392,106,30,3,20,11.42
1985,2026-05-17,LinkedIn,mobile money,video,clear financial education for mobile money #mobilemoney,1,Positive,1467,101,33,40,25,13.57
1986,2026-07-24,LinkedIn,fintech,carousel,clear financial education for fintech #fintech,1,Positive,1516,88,28,14,11,9.3
1987,2026-02-25,X,small business,carousel,trusted customer service for small business #smallbusiness,1,Positive,780,67,6,16,11,12.82
1988,2026-08-03,Instagram,data analytics,video,brand awareness post for data analytics #dataanalytics,0,Neutral,1354,121,10,12,23,12.26
1989,2026-03-06,Facebook,small business,text,expensive campaign loss for small business #smallbusiness,-2,Negative,799,23,8,8,3,5.26
1990,2026-06-21,LinkedIn,personal finance,image,confusing user journey for personal finance #personalfinance,-1,Negative,759,34,10,3,5,6.85
1991,2026-08-24,Facebook,marketing,text,smart data analytics for marketing #marketing,1,Positive,754,25,18,2,11,7.43
1992,2026-02-17,LinkedIn,fintech,carousel,smart data analytics for fintech #fintech,1,Positive,1462,90,28,25,22,11.29
1993,2026-07-27,X,ecommerce,image,simple dashboard insights for ecommerce #ecommerce,1,Positive,1007,62,10,16,9,9.63
1994,2026-08-03,TikTok,fintech,video,product feature overview for fintech #fintech,0,Neutral,2465,99,41,44,23,8.4
1995,2026-02-18,LinkedIn,small business,short,brand awareness post for small business #smallbusiness,0,Neutral,1184,32,19,20,3,6.25
1996,2026-07-03,Facebook,ecommerce,image,smart data analytics for ecommerce #ecommerce,1,Positive,1090,106,17,16,12,13.85
1997,2026-01-19,Instagram,ecommerce,video,clear financial education for ecommerce #ecommerce,1,Positive,2455,166,52,43,42,12.34
1998,2026-03-31,TikTok,personal finance,carousel,confusing user journey for personal finance #personalfinance,-1,Negative,1712,72,39,16,10,8.0
1999,2026-08-14,X,marketing,image,product feature overview for marketing #marketing,0,Neutral,675,52,11,8,1,10.67
2000,2026-03-05,X,personal finance,image,new campaign update for personal finance #personalfinance,0,Neutral,581,27,4,4,2,6.37
2001,2026-07-31,Instagram,ecommerce,carousel,simple dashboard insights for ecommerce #ecommerce,1,Positive,1767,140,30,20,26,12.22
2002,2026-07-18,TikTok,mobile money,image,simple dashboard insights for mobile money #mobilemoney,1,Positive,1857,103,36,32,24,10.5
2003,2026-08-18,X,mobile money,image,new campaign update for mobile money #mobilemoney,0,Neutral,665,33,16,10,8,10.08
2004,2026-02-23,Instagram,data analytics,carousel,risky payment delay for data analytics #dataanalytics,-1,Negative,1551,78,26,8,21,8.58
2005,2026-08-29,X,personal finance,text,brand awareness post for personal finance #personalfinance,0,Neutral,365,30,2,2,1,9.59
2006,2026-02-07,X,data analytics,short,trusted customer service for data analytics #dataanalytics,1,Positive,1482,108,18,15,7,9.99
2007,2026-08-15,Instagram,mobile money,short,fast mobile money growth for mobile money #mobilemoney,2,Positive,2279,117,30,21,32,8.78
2008,2026-06-09,Instagram,ecommerce,text,customer feedback summary for ecommerce #ecommerce,0,Neutral,893,54,16,10,12,10.3
2009,2026-02-09,X,personal finance,short,slow support problem for personal finance #personalfinance,-2,Negative,1094,63,25,26,12,11.52
2010,2026-03-21,LinkedIn,fintech,short,trusted customer service for fintech #fintech,1,Positive,1468,124,8,33,7,11.72
2011,2026-03-28,Facebook,marketing,video,clear financial education for marketing #marketing,1,Positive,1432,49,34,10,6,6.91
2012,2026-08-31,Instagram,data analytics,short,expensive campaign loss for data analytics #dataanalytics,-2,Negative,1349,50,15,19,17,7.49
2013,2026-05-13,X,ecommerce,short,expensive campaign loss for ecommerce #ecommerce,-2,Negative,755,31,12,11,10,8.48
2014,2026-01-14,Facebook,marketing,short,slow support problem for marketing #marketing,-2,Negative,1006,45,24,15,4,8.75
2015,2026-06-11,Facebook,ecommerce,image,customer feedback summary for ecommerce #ecommerce,0,Neutral,878,54,8,14,13,10.14
2016,2026-08-04,X,ecommerce,text,product feature overview for ecommerce #ecommerce,0,Neutral,513,30,2,7,6,8.77
2017,2026-01-02,X,fintech,text,weak engagement result for fintech #fintech,-1,Negative,466,22,4,2,1,6.22
2018,2026-03-06,X,data analytics,carousel,smart data analytics for data analytics #dataanalytics,1,Positive,657,25,6,12,10,8.07
2019,2026-06-14,LinkedIn,mobile money,text,new campaign update for mobile money #mobilemoney,0,Neutral,570,39,5,3,7,9.47
2020,2026-03-05,LinkedIn,ecommerce,video,clear financial education for ecommerce #ecommerce,1,Positive,1687,133,20,32,8,11.44
2021,2026-06-17,LinkedIn,fintech,video,weekly market note for fintech #fintech,0,Neutral,1663,53,20,49,8,7.82
2022,2026-09-07,X,personal finance,short,weak engagement result for personal finance #personalfinance,-1,Negative,873,48,8,15,11,9.39
2023,2026-07-13,X,marketing,video,customer feedback summary for marketing #marketing,0,Neutral,1076,31,22,25,12,8.36
2024,2026-07-27,Instagram,personal finance,text,product feature overview for personal finance #personalfinance,0,Neutral,679,60,6,4,8,11.49
2025,2026-02-03,X,marketing,video,fast mobile money growth for marketing #marketing,2,Positive,1149,116,18,6,5,12.62
2026,2026-08-30,X,data analytics,carousel,simple dashboard insights for data analytics #dataanalytics,1,Positive,845,71,7,11,12,11.95
2027,2026-06-21,X,ecommerce,text,fast mobile money growth for ecommerce #ecommerce,2,Positive,574,33,9,7,8,9.93
2028,2026-05-15,TikTok,fintech,carousel,brand awareness post for fintech #fintech,0,Neutral,1943,52,43,27,15,7.05
2029,2026-07-21,Facebook,ecommerce,carousel,new campaign update for ecommerce #ecommerce,0,Neutral,994,82,9,12,5,10.87
2030,2026-02-18,X,small business,video,smart data analytics for small business #smallbusiness,1,Positive,1295,42,15,26,15,7.57
2031,2026-07-08,LinkedIn,personal finance,video,product feature overview for personal finance #personalfinance,0,Neutral,1209,66,18,10,11,8.68
2032,2026-01-10,Facebook,marketing,short,trusted customer service for marketing #marketing,1,Positive,1249,67,28,23,10,10.25
2033,2026-02-18,LinkedIn,mobile money,video,confusing user journey for mobile money #mobilemoney,-1,Negative,1168,51,23,18,16,9.25
2034,2026-08-10,X,fintech,carousel,clear financial education for fintech #fintech,1,Positive,1185,80,21,10,9,10.13
2035,2026-08-02,LinkedIn,data analytics,video,trusted customer service for data analytics #dataanalytics,1,Positive,1338,139,23,15,23,14.95
2036,2026-05-03,X,small business,image,trusted customer service for small business #smallbusiness,1,Positive,708,65,12,4,4,12.01
2037,2026-09-03,Instagram,data analytics,text,product feature overview for data analytics #dataanalytics,0,Neutral,743,47,15,5,7,9.96
2038,2026-03-14,LinkedIn,personal finance,image,new campaign update for personal finance #personalfinance,0,Neutral,838,25,6,15,3,5.85
2039,2026-08-17,Instagram,fintech,text,customer feedback summary for fintech #fintech,0,Neutral,1325,105,14,12,17,11.17
2040,2026-07-18,TikTok,mobile money,carousel,new campaign update for mobile money #mobilemoney,0,Neutral,1713,44,24,18,30,6.77
2041,2026-05-01,X,fintech,image,risky payment delay for fintech #fintech,-1,Negative,357,26,2,6,4,10.64
2042,2026-07-18,TikTok,personal finance,carousel,new campaign update for personal finance #personalfinance,0,Neutral,1908,69,25,20,15,6.76
2043,2026-03-01,Facebook,ecommerce,carousel,risky payment delay for ecommerce #ecommerce,-1,Negative,918,34,18,8,12,7.84
2044,2026-05-17,Instagram,ecommerce,video,risky payment delay for ecommerce #ecommerce,-1,Negative,1360,97,18,21,13,10.96
2045,2026-06-09,Instagram,marketing,text,weak engagement result for marketing #marketing,-1,Negative,479,22,10,1,2,7.31
2046,2026-09-18,Instagram,ecommerce,carousel,confusing user journey for ecommerce #ecommerce,-1,Negative,1327,75,17,28,4,9.34
2047,2026-01-04,TikTok,personal finance,image,clear financial education for personal finance #personalfinance,1,Positive,1568,97,15,25,27,10.46
2048,2026-07-12,X,ecommerce,image,clear financial education for ecommerce #ecommerce,1,Positive,763,49,5,12,12,10.22
2049,2026-07-06,X,personal finance,text,simple dashboard insights for personal finance #personalfinance,1,Positive,357,22,8,3,3,10.08
2050,2026-02-11,TikTok,fintech,carousel,smart data analytics for fintech #fintech,1,Positive,2549,232,46,58,25,14.16
2051,2026-06-18,TikTok,personal finance,image,smart data analytics for personal finance #personalfinance,1,Positive,2071,89,15,13,28,7.0
2052,2026-03-20,TikTok,mobile money,text,customer feedback summary for mobile money #mobilemoney,0,Neutral,1442,72,30,16,21,9.64
2053,2026-04-15,TikTok,ecommerce,image,product feature overview for ecommerce #ecommerce,0,Neutral,1816,144,30,15,7,10.79
2054,2026-02-09,LinkedIn,ecommerce,carousel,new campaign update for ecommerce #ecommerce,0,Neutral,1124,83,20,13,10,11.21
2055,2026-08-21,TikTok,personal finance,text,weekly market note for personal finance #personalfinance,0,Neutral,1105,55,9,5,14,7.51
2056,2026-04-15,TikTok,ecommerce,carousel,fast mobile money growth for ecommerce #ecommerce,2,Positive,2419,203,10,10,32,10.54
2057,2026-03-12,Facebook,small business,video,confusing user journey for small business #smallbusiness,-1,Negative,895,45,10,9,3,7.49
2058,2026-08-15,Instagram,fintech,carousel,clear financial education for fintech #fintech,1,Positive,1605,57,6,8,12,5.17
2059,2026-01-13,TikTok,mobile money,image,new campaign update for mobile money #mobilemoney,0,Neutral,1739,140,39,11,30,12.65
2060,2026-08-09,Facebook,personal finance,short,slow support problem for personal finance #personalfinance,-2,Negative,1171,25,4,21,16,5.64
2061,2026-05-18,TikTok,fintech,short,clear financial education for fintech #fintech,1,Positive,2433,159,52,57,8,11.34
2062,2026-06-28,Instagram,data analytics,video,simple dashboard insights for data analytics #dataanalytics,1,Positive,2495,260,10,61,22,14.15
2063,2026-03-10,LinkedIn,marketing,text,weekly market note for marketing #marketing,0,Neutral,762,68,8,8,8,12.07
2064,2026-05-16,TikTok,marketing,image,fast mobile money growth for marketing #marketing,2,Positive,2191,145,49,18,28,10.95
2065,2026-08-20,Facebook,data analytics,short,product feature overview for data analytics #dataanalytics,0,Neutral,1176,100,6,21,11,11.73
2066,2026-02-14,TikTok,small business,text,clear financial education for small business #smallbusiness,1,Positive,1697,54,10,20,16,5.89
2067,2026-02-26,Facebook,ecommerce,short,smart data analytics for ecommerce #ecommerce,1,Positive,1344,70,32,18,18,10.27
2068,2026-08-12,Instagram,personal finance,carousel,trusted customer service for personal finance #personalfinance,1,Positive,1886,190,35,28,20,14.48
2069,2026-06-30,X,data analytics,carousel,new campaign update for data analytics #dataanalytics,0,Neutral,789,49,9,6,2,8.37
2070,2026-06-29,Facebook,personal finance,short,product feature overview for personal finance #personalfinance,0,Neutral,841,23,8,22,8,7.25
2071,2026-02-07,Facebook,fintech,video,product feature overview for fintech #fintech,0,Neutral,1574,65,28,27,12,8.39
2072,2026-09-03,Facebook,data analytics,short,simple dashboard insights for data analytics #dataanalytics,1,Positive,1363,59,31,7,5,7.48
2073,2026-08-21,LinkedIn,personal finance,video,trusted customer service for personal finance #personalfinance,1,Positive,1756,126,24,36,3,10.76
2074,2026-08-23,Facebook,fintech,image,weak engagement result for fintech #fintech,-1,Negative,924,30,14,12,10,7.14
2075,2026-05-02,X,small business,image,simple dashboard insights for small business #smallbusiness,1,Positive,851,67,14,8,11,11.75
2076,2026-01-31,Instagram,data analytics,text,smart data analytics for data analytics #dataanalytics,1,Positive,1344,52,17,4,21,6.99
2077,2026-07-19,X,mobile money,video,smart data analytics for mobile money #mobilemoney,1,Positive,1373,140,30,30,7,15.08
2078,2026-01-09,TikTok,personal finance,video,new campaign update for personal finance #personalfinance,0,Neutral,2565,112,63,12,41,8.89
2079,2026-03-17,LinkedIn,marketing,short,slow support problem for marketing #marketing,-2,Negative,1048,74,16,20,8,11.26
2080,2026-04-29,Facebook,personal finance,video,customer feedback summary for personal finance #personalfinance,0,Neutral,1225,51,10,5,20,7.02
2081,2026-03-06,LinkedIn,marketing,video,customer feedback summary for marketing #marketing,0,Neutral,1349,100,22,40,13,12.97
2082,2026-02-18,Instagram,ecommerce,image,expensive campaign loss for ecommerce #ecommerce,-2,Negative,1281,82,6,15,8,8.67
2083,2026-07-31,LinkedIn,ecommerce,carousel,fast mobile money growth for ecommerce #ecommerce,2,Positive,1291,46,9,8,14,5.96
2084,2026-06-22,X,mobile money,carousel,new campaign update for mobile money #mobilemoney,0,Neutral,711,58,7,13,6,11.81
2085,2026-08-30,Instagram,mobile money,short,weekly market note for mobile money #mobilemoney,0,Neutral,1763,119,29,24,3,9.93
2086,2026-01-02,Instagram,personal finance,text,trusted customer service for personal finance #personalfinance,1,Positive,1223,55,8,4,19,7.03
2087,2026-07-02,TikTok,fintech,short,weekly market note for fintech #fintech,0,Neutral,1826,135,26,43,10,11.72
2088,2026-02-15,LinkedIn,ecommerce,video,confusing user journey for ecommerce #ecommerce,-1,Negative,1133,56,10,13,18,8.56
2089,2026-03-22,Instagram,marketing,short,confusing user journey for marketing #marketing,-1,Negative,1660,46,40,10,19,6.93
2090,2026-07-17,LinkedIn,data analytics,image,fast mobile money growth for data analytics #dataanalytics,2,Positive,1384,66,31,13,22,9.54
2091,2026-04-22,TikTok,ecommerce,video,product feature overview for ecommerce #ecommerce,0,Neutral,2237,110,35,36,36,9.7
2092,2026-07-20,LinkedIn,data analytics,short,slow support problem for data analytics #dataanalytics,-2,Negative,727,19,9,7,12,6.46
2093,2026-07-18,TikTok,small business,short,slow support problem for small business #smallbusiness,-2,Negative,1696,40,16,7,23,5.07
2094,2026-02-25,Facebook,data analytics,video,trusted customer service for data analytics #dataanalytics,1,Positive,1524,94,8,26,17,9.51
2095,2026-07-10,Facebook,data analytics,image,simple dashboard insights for data analytics #dataanalytics,1,Positive,1066,72,24,8,18,11.44
2096,2026-08-12,TikTok,mobile money,text,customer feedback summary for mobile money #mobilemoney,0,Neutral,1301,69,31,12,14,9.68
2097,2026-09-05,Facebook,data analytics,video,clear financial education for data analytics #dataanalytics,1,Positive,837,38,3,9,3,6.33
2098,2026-05-26,TikTok,personal finance,video,confusing user journey for personal finance #personalfinance,-1,Negative,2014,106,25,30,22,9.09
2099,2026-01-21,Instagram,data analytics,image,clear financial education for data analytics #dataanalytics,1,Positive,1710,163,19,7,13,11.81
2100,2026-06-22,Facebook,personal finance,text,clear financial education for personal finance #personalfinance,1,Positive,615,19,11,7,1,6.18
2101,2026-07-05,TikTok,fintech,video,weekly market note for fintech #fintech,0,Neutral,2703,172,64,43,13,10.8
2102,2026-01-24,Instagram,ecommerce,image,fast mobile money growth for ecommerce #ecommerce,2,Positive,1167,106,6,17,16,12.43
2103,2026-02-17,LinkedIn,marketing,video,weak engagement result for marketing #marketing,-1,Negative,1346,57,17,12,19,7.8
2104,2026-03-07,LinkedIn,ecommerce,short,risky payment delay for ecommerce #ecommerce,-1,Negative,1017,40,23,23,3,8.75
2105,2026-04-08,X,data analytics,text,risky payment delay for data analytics #dataanalytics,-1,Negative,287,19,3,3,4,10.1
2106,2026-03-30,TikTok,mobile money,video,trusted customer service for mobile money #mobilemoney,1,Positive,2306,87,47,46,32,9.19
2107,2026-02-21,X,mobile money,text,expensive campaign loss for mobile money #mobilemoney,-2,Negative,317,21,6,1,1,9.15
2108,2026-03-09,Facebook,personal finance,video,smart data analytics for personal finance #personalfinance,1,Positive,1297,121,19,23,11,13.42
2109,2026-02-18,X,mobile money,text,brand awareness post for mobile money #mobilemoney,0,Neutral,740,47,17,8,5,10.41
2110,2026-08-30,Facebook,data analytics,image,customer feedback summary for data analytics #dataanalytics,0,Neutral,1013,62,18,11,10,9.97
2111,2026-09-03,Facebook,small business,video,risky payment delay for small business #smallbusiness,-1,Negative,1053,58,24,29,18,12.25
2112,2026-03-31,Instagram,personal finance,video,new campaign update for personal finance #personalfinance,0,Neutral,1878,144,39,17,12,11.29
2113,2026-05-13,Facebook,data analytics,video,expensive campaign loss for data analytics #dataanalytics,-2,Negative,971,52,8,25,14,10.2
2114,2026-06-03,LinkedIn,data analytics,short,confusing user journey for data analytics #dataanalytics,-1,Negative,1164,60,20,29,8,10.05
2115,2026-08-13,LinkedIn,mobile money,carousel,weekly market note for mobile money #mobilemoney,0,Neutral,985,73,11,16,12,11.37
2116,2026-02-10,TikTok,marketing,short,fast mobile money growth for marketing #marketing,2,Positive,2334,234,33,28,12,13.15
2117,2026-02-26,Facebook,marketing,short,trusted customer service for marketing #marketing,1,Positive,1369,144,10,6,24,13.44
2118,2026-08-19,TikTok,data analytics,video,weak engagement result for data analytics #dataanalytics,-1,Negative,1708,116,41,16,21,11.36
2119,2026-03-16,Facebook,small business,carousel,product feature overview for small business #smallbusiness,0,Neutral,1067,78,13,10,13,10.68
2120,2026-03-11,LinkedIn,personal finance,text,clear financial education for personal finance #personalfinance,1,Positive,969,55,4,2,14,7.74
2121,2026-05-01,LinkedIn,mobile money,text,smart data analytics for mobile money #mobilemoney,1,Positive,940,76,19,2,4,10.74
2122,2026-07-25,Instagram,small business,video,new campaign update for small business #smallbusiness,0,Neutral,2113,140,23,42,10,10.18
2123,2026-07-29,X,mobile money,video,simple dashboard insights for mobile money #mobilemoney,1,Positive,1429,46,26,13,18,7.21
2124,2026-06-05,Instagram,marketing,carousel,trusted customer service for marketing #marketing,1,Positive,1726,123,42,16,19,11.59
2125,2026-02-20,X,ecommerce,text,weekly market note for ecommerce #ecommerce,0,Neutral,806,55,16,4,4,9.8
2126,2026-01-13,Instagram,mobile money,video,smart data analytics for mobile money #mobilemoney,1,Positive,2601,246,10,17,9,10.84
2127,2026-01-26,Instagram,data analytics,short,trusted customer service for data analytics #dataanalytics,1,Positive,2209,190,23,54,12,12.63
2128,2026-07-08,Instagram,mobile money,carousel,new campaign update for mobile money #mobilemoney,0,Neutral,1461,65,29,22,20,9.31
2129,2026-05-10,LinkedIn,small business,video,risky payment delay for small business #smallbusiness,-1,Negative,1242,28,28,10,4,5.64
2130,2026-07-15,Instagram,data analytics,carousel,simple dashboard insights for data analytics #dataanalytics,1,Positive,1767,186,40,18,4,14.04
2131,2026-07-08,Instagram,fintech,short,slow support problem for fintech #fintech,-2,Negative,1338,36,9,20,22,6.5
2132,2026-04-19,Facebook,data analytics,image,trusted customer service for data analytics #dataanalytics,1,Positive,1309,47,16,4,6,5.58
2133,2026-05-30,Facebook,marketing,image,smart data analytics for marketing #marketing,1,Positive,946,78,14,6,9,11.31
2134,2026-01-07,LinkedIn,personal finance,short,brand awareness post for personal finance #personalfinance,0,Neutral,1038,78,8,4,9,9.54
2135,2026-07-18,Facebook,ecommerce,carousel,simple dashboard insights for ecommerce #ecommerce,1,Positive,1304,121,9,13,21,12.58
2136,2026-07-16,X,data analytics,short,simple dashboard insights for data analytics #dataanalytics,1,Positive,1030,104,6,10,17,13.3
2137,2026-05-16,Instagram,ecommerce,short,customer feedback summary for ecommerce #ecommerce,0,Neutral,1450,42,26,31,10,7.52
2138,2026-08-31,X,marketing,short,slow support problem for marketing #marketing,-2,Negative,981,44,8,6,5,6.42
2139,2026-08-03,Instagram,ecommerce,text,confusing user journey for ecommerce #ecommerce,-1,Negative,1038,38,7,10,3,5.59
2140,2026-07-16,TikTok,data analytics,carousel,weekly market note for data analytics #dataanalytics,0,Neutral,1965,168,20,32,30,12.72
2141,2026-01-12,LinkedIn,ecommerce,short,expensive campaign loss for ecommerce #ecommerce,-2,Negative,1159,53,6,19,3,6.99
2142,2026-07-19,X,ecommerce,text,weekly market note for ecommerce #ecommerce,0,Neutral,506,38,12,2,2,10.67
2143,2026-06-09,LinkedIn,personal finance,video,weak engagement result for personal finance #personalfinance,-1,Negative,1038,41,4,21,7,7.03
2144,2026-02-05,Instagram,data analytics,short,expensive campaign loss for data analytics #dataanalytics,-2,Negative,1354,58,33,28,11,9.6
2145,2026-09-08,X,fintech,video,product feature overview for fintech #fintech,0,Neutral,1167,55,26,28,20,11.05
2146,2026-04-27,TikTok,ecommerce,text,clear financial education for ecommerce #ecommerce,1,Positive,1420,123,23,11,12,11.9
2147,2026-03-22,LinkedIn,fintech,image,customer feedback summary for fintech #fintech,0,Neutral,1069,59,7,19,14,9.26
2148,2026-04-16,TikTok,marketing,image,risky payment delay for marketing #marketing,-1,Negative,1306,76,18,4,15,8.65
2149,2026-09-13,LinkedIn,data analytics,text,simple dashboard insights for data analytics #dataanalytics,1,Positive,723,25,12,4,8,6.78
2150,2026-05-10,Instagram,marketing,image,fast mobile money growth for marketing #marketing,2,Positive,1570,131,34,22,14,12.8
2151,2026-06-24,Instagram,ecommerce,short,customer feedback summary for ecommerce #ecommerce,0,Neutral,1467,72,26,35,26,10.84
2152,2026-03-03,Instagram,ecommerce,carousel,fast mobile money growth for ecommerce #ecommerce,2,Positive,1808,84,15,34,11,7.96
2153,2026-01-31,Instagram,data analytics,carousel,weak engagement result for data analytics #dataanalytics,-1,Negative,1293,88,18,29,18,11.83
2154,2026-05-23,LinkedIn,small business,video,expensive campaign loss for small business #smallbusiness,-2,Negative,1321,32,28,33,9,7.72
2155,2026-08-12,Instagram,fintech,image,slow support problem for fintech #fintech,-2,Negative,1022,21,17,10,8,5.48
2156,2026-02-09,TikTok,mobile money,image,smart data analytics for mobile money #mobilemoney,1,Positive,2015,153,20,24,32,11.36
2157,2026-08-16,Facebook,small business,carousel,smart data analytics for small business #smallbusiness,1,Positive,1087,94,7,19,3,11.32
2158,2026-06-02,LinkedIn,personal finance,short,smart data analytics for personal finance #personalfinance,1,Positive,1293,57,10,12,19,7.58
2159,2026-04-26,Facebook,fintech,carousel,clear financial education for fintech #fintech,1,Positive,1108,38,4,7,19,6.14
2160,2026-05-02,LinkedIn,small business,short,confusing user journey for small business #smallbusiness,-1,Negative,1141,35,5,22,7,6.05
2161,2026-06-02,Facebook,data analytics,text,weekly market note for data analytics #dataanalytics,0,Neutral,635,36,8,2,8,8.5
2162,2026-01-15,Instagram,personal finance,carousel,customer feedback summary for personal finance #personalfinance,0,Neutral,1601,106,19,14,18,9.81
2163,2026-05-08,LinkedIn,marketing,video,simple dashboard insights for marketing #marketing,1,Positive,1642,136,36,10,23,12.48
2164,2026-09-10,Facebook,data analytics,carousel,risky payment delay for data analytics #dataanalytics,-1,Negative,575,31,12,11,2,9.74
2165,2026-01-12,LinkedIn,ecommerce,text,clear financial education for ecommerce #ecommerce,1,Positive,896,60,19,10,6,10.6
2166,2026-09-12,Facebook,small business,text,product feature overview for small business #smallbusiness,0,Neutral,903,45,4,10,16,8.31
2167,2026-08-02,TikTok,personal finance,short,confusing user journey for personal finance #personalfinance,-1,Negative,1867,126,16,21,16,9.59
2168,2026-09-18,LinkedIn,small business,image,smart data analytics for small business #smallbusiness,1,Positive,1122,115,5,8,13,12.57
2169,2026-05-20,Instagram,personal finance,video,confusing user journey for personal finance #personalfinance,-1,Negative,2094,100,51,33,18,9.65
2170,2026-07-16,TikTok,data analytics,carousel,customer feedback summary for data analytics #dataanalytics,0,Neutral,2008,163,36,32,26,12.8
2171,2026-03-07,Facebook,marketing,video,clear financial education for marketing #marketing,1,Positive,1400,73,34,37,14,11.29
2172,2026-07-02,LinkedIn,fintech,image,fast mobile money growth for fintech #fintech,2,Positive,1092,99,27,9,2,12.55
2173,2026-01-16,Instagram,small business,carousel,slow support problem for small business #smallbusiness,-2,Negative,1200,81,5,28,15,10.75
2174,2026-07-17,TikTok,mobile money,image,fast mobile money growth for mobile money #mobilemoney,2,Positive,1847,57,37,24,16,7.26
2175,2026-07-15,Facebook,personal finance,short,simple dashboard insights for personal finance #personalfinance,1,Positive,1509,81,16,14,24,8.95
2176,2026-03-27,X,fintech,short,slow support problem for fintech #fintech,-2,Negative,779,44,8,14,12,10.01
2177,2026-07-04,LinkedIn,fintech,image,new campaign update for fintech #fintech,0,Neutral,780,57,7,10,2,9.74
2178,2026-01-25,Instagram,mobile money,video,smart data analytics for mobile money #mobilemoney,1,Positive,2362,223,58,40,35,15.07
2179,2026-06-24,LinkedIn,mobile money,text,fast mobile money growth for mobile money #mobilemoney,2,Positive,1080,41,8,5,7,5.65
2180,2026-08-29,X,personal finance,video,simple dashboard insights for personal finance #personalfinance,1,Positive,1200,96,26,30,14,13.83
2181,2026-01-24,Instagram,fintech,video,weekly market note for fintech #fintech,0,Neutral,1917,101,47,13,9,8.87
2182,2026-05-10,X,mobile money,carousel,customer feedback summary for mobile money #mobilemoney,0,Neutral,782,37,11,4,4,7.16
2183,2026-01-06,TikTok,data analytics,video,product feature overview for data analytics #dataanalytics,0,Neutral,2493,87,26,59,9,7.26
2184,2026-06-26,Instagram,fintech,image,clear financial education for fintech #fintech,1,Positive,1356,126,7,17,9,11.73
2185,2026-03-03,X,marketing,image,brand awareness post for marketing #marketing,0,Neutral,847,63,9,2,4,9.21
2186,2026-08-18,X,personal finance,carousel,customer feedback summary for personal finance #personalfinance,0,Neutral,720,36,9,12,2,8.19
2187,2026-08-24,X,marketing,text,slow support problem for marketing #marketing,-2,Negative,511,19,9,4,1,6.46
2188,2026-01-25,TikTok,personal finance,video,new campaign update for personal finance #personalfinance,0,Neutral,2170,54,13,27,29,5.67
2189,2026-01-09,TikTok,mobile money,carousel,simple dashboard insights for mobile money #mobilemoney,1,Positive,2283,176,45,38,37,12.97
2190,2026-01-31,TikTok,small business,short,trusted customer service for small business #smallbusiness,1,Positive,2342,82,54,55,17,8.88
2191,2026-06-19,X,fintech,short,smart data analytics for fintech #fintech,1,Positive,970,60,6,7,6,8.14
2192,2026-07-29,TikTok,personal finance,image,weak engagement result for personal finance #personalfinance,-1,Negative,1254,87,11,19,4,9.65
2193,2026-04-19,Instagram,fintech,video,weekly market note for fintech #fintech,0,Neutral,2012,60,14,58,32,8.15
2194,2026-08-20,X,ecommerce,short,clear financial education for ecommerce #ecommerce,1,Positive,1083,78,19,17,4,10.9
2195,2026-05-02,Instagram,small business,carousel,clear financial education for small business #smallbusiness,1,Positive,1510,83,15,26,7,8.68
2196,2026-08-10,TikTok,small business,image,trusted customer service for small business #smallbusiness,1,Positive,1557,67,27,13,6,7.26
2197,2026-07-10,Instagram,data analytics,carousel,product feature overview for data analytics #dataanalytics,0,Neutral,1658,45,24,27,13,6.57
2198,2026-02-12,TikTok,small business,carousel,slow support problem for small business #smallbusiness,-2,Negative,1604,62,37,7,7,7.04
2199,2026-07-14,Instagram,small business,carousel,customer feedback summary for small business #smallbusiness,0,Neutral,1555,43,15,33,5,6.17
2200,2026-05-21,LinkedIn,ecommerce,video,new campaign update for ecommerce #ecommerce,0,Neutral,1510,86,36,23,14,10.53
2201,2026-06-18,Instagram,marketing,video,customer feedback summary for marketing #marketing,0,Neutral,1947,124,46,56,22,12.74
2202,2026-05-03,Instagram,fintech,video,customer feedback summary for fintech #fintech,0,Neutral,1990,174,15,36,33,12.96
2203,2026-02-08,TikTok,fintech,short,fast mobile money growth for fintech #fintech,2,Positive,2490,218,10,38,37,12.17
2204,2026-08-13,TikTok,data analytics,text,slow support problem for data analytics #dataanalytics,-2,Negative,1042,39,22,8,3,6.91
2205,2026-05-19,TikTok,ecommerce,video,simple dashboard insights for ecommerce #ecommerce,1,Positive,2833,252,44,62,35,13.87
2206,2026-03-16,Instagram,small business,carousel,brand awareness post for small business #smallbusiness,0,Neutral,1459,53,11,13,10,5.96
2207,2026-05-22,Facebook,data analytics,short,brand awareness post for data analytics #dataanalytics,0,Neutral,1497,54,13,20,26,7.55
2208,2026-05-26,Facebook,small business,short,product feature overview for small business #smallbusiness,0,Neutral,1229,43,16,17,12,7.16
2209,2026-02-15,X,personal finance,video,confusing user journey for personal finance #personalfinance,-1,Negative,865,27,20,7,8,7.17
2210,2026-04-02,Facebook,mobile money,text,trusted customer service for mobile money #mobilemoney,1,Positive,734,30,6,10,3,6.68
2211,2026-08-09,Facebook,ecommerce,short,trusted customer service for ecommerce #ecommerce,1,Positive,1430,43,25,28,19,8.04
2212,2026-06-09,Facebook,ecommerce,video,product feature overview for ecommerce #ecommerce,0,Neutral,908,67,9,10,4,9.91
2213,2026-02-15,Facebook,ecommerce,video,smart data analytics for ecommerce #ecommerce,1,Positive,1430,58,33,20,6,8.18
2214,2026-02-03,TikTok,marketing,short,trusted customer service for marketing #marketing,1,Positive,2444,154,57,39,12,10.72
2215,2026-01-13,Instagram,fintech,short,trusted customer service for fintech #fintech,1,Positive,2344,166,20,15,24,9.6
2216,2026-07-04,X,ecommerce,short,customer feedback summary for ecommerce #ecommerce,0,Neutral,914,80,16,10,16,13.35
2217,2026-05-24,Facebook,mobile money,video,customer feedback summary for mobile money #mobilemoney,0,Neutral,1333,58,5,18,11,6.9
2218,2026-09-17,TikTok,small business,short,slow support problem for small business #smallbusiness,-2,Negative,1468,49,8,32,17,7.22
2219,2026-05-22,LinkedIn,ecommerce,carousel,slow support problem for ecommerce #ecommerce,-2,Negative,643,42,11,3,4,9.33
2220,2026-04-19,Facebook,fintech,image,new campaign update for fintech #fintech,0,Neutral,649,18,7,8,1,5.24
2221,2026-07-31,TikTok,fintech,video,slow support problem for fintech #fintech,-2,Negative,1818,113,35,39,4,10.51
2222,2026-03-31,Instagram,personal finance,video,simple dashboard insights for personal finance #personalfinance,1,Positive,2022,77,27,54,21,8.85
2223,2026-07-25,LinkedIn,marketing,image,brand awareness post for marketing #marketing,0,Neutral,795,29,14,7,2,6.54
2224,2026-02-20,LinkedIn,data analytics,text,weak engagement result for data analytics #dataanalytics,-1,Negative,890,53,12,9,4,8.76
2225,2026-02-05,TikTok,mobile money,video,trusted customer service for mobile money #mobilemoney,1,Positive,2933,310,57,84,10,15.72
2226,2026-03-01,TikTok,mobile money,carousel,weekly market note for mobile money #mobilemoney,0,Neutral,1863,106,43,20,16,9.93
2227,2026-06-24,Facebook,ecommerce,image,weekly market note for ecommerce #ecommerce,0,Neutral,649,36,3,9,7,8.47
2228,2026-09-09,Instagram,mobile money,video,confusing user journey for mobile money #mobilemoney,-1,Negative,1792,104,25,34,16,9.99
2229,2026-02-25,Facebook,mobile money,text,trusted customer service for mobile money #mobilemoney,1,Positive,929,56,12,10,2,8.61
2230,2026-01-17,X,fintech,text,trusted customer service for fintech #fintech,1,Positive,646,22,13,7,7,7.59
2231,2026-06-16,Facebook,personal finance,image,weekly market note for personal finance #personalfinance,0,Neutral,626,56,3,6,2,10.7
2232,2026-01-29,X,marketing,text,new campaign update for marketing #marketing,0,Neutral,599,28,5,8,5,7.68
2233,2026-05-02,LinkedIn,ecommerce,video,smart data analytics for ecommerce #ecommerce,1,Positive,1316,127,11,6,20,12.46
2234,2026-02-12,LinkedIn,small business,video,brand awareness post for small business #smallbusiness,0,Neutral,1379,100,8,17,9,9.72
2235,2026-07-22,X,ecommerce,image,expensive campaign loss for ecommerce #ecommerce,-2,Negative,425,26,4,6,2,8.94
2236,2026-06-30,Instagram,mobile money,video,simple dashboard insights for mobile money #mobilemoney,1,Positive,2526,95,56,51,12,8.47
2237,2026-03-12,Facebook,mobile money,image,clear financial education for mobile money #mobilemoney,1,Positive,924,28,11,16,3,6.28
2238,2026-09-09,Instagram,ecommerce,short,clear financial education for ecommerce #ecommerce,1,Positive,1990,112,38,31,16,9.9
2239,2026-09-15,Instagram,mobile money,short,customer feedback summary for mobile money #mobilemoney,0,Neutral,1584,88,23,19,22,9.6
2240,2026-08-21,Facebook,mobile money,short,new campaign update for mobile money #mobilemoney,0,Neutral,989,87,22,19,9,13.85
2241,2026-07-23,Instagram,personal finance,video,new campaign update for personal finance #personalfinance,0,Neutral,2113,126,17,24,6,8.19
2242,2026-03-21,Instagram,personal finance,video,simple dashboard insights for personal finance #personalfinance,1,Positive,2324,96,19,53,37,8.82
2243,2026-07-05,LinkedIn,personal finance,video,customer feedback summary for personal finance #personalfinance,0,Neutral,1151,75,12,18,16,10.51
2244,2026-06-28,TikTok,data analytics,text,product feature overview for data analytics #dataanalytics,0,Neutral,862,36,12,5,15,7.89
2245,2026-08-25,X,fintech,carousel,clear financial education for fintech #fintech,1,Positive,729,58,7,7,8,10.97
2246,2026-08-29,TikTok,data analytics,carousel,confusing user journey for data analytics #dataanalytics,-1,Negative,1489,38,36,10,13,6.51
2247,2026-03-06,LinkedIn,personal finance,carousel,customer feedback summary for personal finance #personalfinance,0,Neutral,1220,57,12,10,15,7.7
2248,2026-01-10,X,ecommerce,video,expensive campaign loss for ecommerce #ecommerce,-2,Negative,1141,52,25,9,11,8.5
2249,2026-01-12,LinkedIn,marketing,video,expensive campaign loss for marketing #marketing,-2,Negative,1080,34,18,10,14,7.04
2250,2026-07-24,Instagram,personal finance,video,trusted customer service for personal finance #personalfinance,1,Positive,2240,130,38,37,36,10.76
2251,2026-03-26,Facebook,ecommerce,image,clear financial education for ecommerce #ecommerce,1,Positive,1292,115,21,11,14,12.46
2252,2026-02-22,Instagram,marketing,short,clear financial education for marketing #marketing,1,Positive,2091,171,44,47,33,14.11
2253,2026-01-20,TikTok,marketing,image,smart data analytics for marketing #marketing,1,Positive,1827,154,21,31,8,11.71
2254,2026-05-12,Facebook,marketing,image,slow support problem for marketing #marketing,-2,Negative,461,26,4,2,7,8.46
2255,2026-05-05,TikTok,personal finance,carousel,new campaign update for personal finance #personalfinance,0,Neutral,1877,76,10,14,28,6.82
2256,2026-05-28,Instagram,marketing,video,trusted customer service for marketing #marketing,1,Positive,2458,149,36,68,42,12.0
2257,2026-08-12,LinkedIn,mobile money,video,fast mobile money growth for mobile money #mobilemoney,2,Positive,1971,160,48,11,29,12.58
2258,2026-08-05,Instagram,mobile money,text,brand awareness post for mobile money #mobilemoney,0,Neutral,1309,43,17,8,12,6.11
2259,2026-01-06,X,small business,video,expensive campaign loss for small business #smallbusiness,-2,Negative,959,32,7,20,16,7.82
2260,2026-05-16,Instagram,fintech,video,brand awareness post for fintech #fintech,0,Neutral,1945,155,29,56,24,13.57
2261,2026-01-28,LinkedIn,personal finance,carousel,trusted customer service for personal finance #personalfinance,1,Positive,1182,104,5,12,9,11.0
2262,2026-08-08,X,fintech,video,trusted customer service for fintech #fintech,1,Positive,1272,57,10,7,7,6.37
2263,2026-02-18,TikTok,marketing,short,fast mobile money growth for marketing #marketing,2,Positive,2554,193,47,29,34,11.86
2264,2026-08-03,TikTok,fintech,short,weekly market note for fintech #fintech,0,Neutral,2240,180,12,56,20,11.96
2265,2026-03-15,X,ecommerce,text,brand awareness post for ecommerce #ecommerce,0,Neutral,402,32,9,4,6,12.69
2266,2026-07-07,LinkedIn,mobile money,short,simple dashboard insights for mobile money #mobilemoney,1,Positive,1295,126,28,13,10,13.67
2267,2026-06-24,TikTok,fintech,carousel,new campaign update for fintech #fintech,0,Neutral,2094,68,32,22,26,7.07
2268,2026-07-07,Facebook,small business,image,new campaign update for small business #smallbusiness,0,Neutral,785,31,11,5,5,6.62
2269,2026-01-09,X,ecommerce,text,trusted customer service for ecommerce #ecommerce,1,Positive,448,32,3,5,3,9.6
2270,2026-05-27,Facebook,small business,carousel,trusted customer service for small business #smallbusiness,1,Positive,1042,52,21,13,7,8.93
2271,2026-09-07,X,data analytics,image,brand awareness post for data analytics #dataanalytics,0,Neutral,1057,62,10,7,5,7.95
2272,2026-03-09,TikTok,ecommerce,short,trusted customer service for ecommerce #ecommerce,1,Positive,2336,103,28,55,17,8.69
2273,2026-03-28,Instagram,small business,video,slow support problem for small business #smallbusiness,-2,Negative,1742,117,22,33,28,11.48
2274,2026-02-28,LinkedIn,data analytics,carousel,slow support problem for data analytics #dataanalytics,-2,Negative,902,30,22,9,3,7.1
2275,2026-08-22,Facebook,small business,text,confusing user journey for small business #smallbusiness,-1,Negative,460,28,9,4,2,9.35
2276,2026-06-22,TikTok,ecommerce,text,customer feedback summary for ecommerce #ecommerce,0,Neutral,1182,66,5,3,17,7.7
2277,2026-01-01,X,data analytics,short,brand awareness post for data analytics #dataanalytics,0,Neutral,716,47,11,17,1,10.61
2278,2026-06-29,Instagram,data analytics,short,simple dashboard insights for data analytics #dataanalytics,1,Positive,2023,106,38,35,9,9.29
2279,2026-01-04,LinkedIn,data analytics,video,clear financial education for data analytics #dataanalytics,1,Positive,1515,46,9,10,11,5.02
2280,2026-01-18,Facebook,fintech,image,trusted customer service for fintech #fintech,1,Positive,1118,92,20,20,5,12.25
2281,2026-03-05,Instagram,small business,image,fast mobile money growth for small business #smallbusiness,2,Positive,1599,139,25,9,26,12.45
2282,2026-06-01,Instagram,ecommerce,text,expensive campaign loss for ecommerce #ecommerce,-2,Negative,536,17,9,4,7,6.9
2283,2026-07-12,LinkedIn,marketing,text,brand awareness post for marketing #marketing,0,Neutral,626,22,12,2,1,5.91
2284,2026-08-29,Instagram,marketing,short,smart data analytics for marketing #marketing,1,Positive,1835,194,20,22,18,13.84
2285,2026-08-31,TikTok,small business,video,simple dashboard insights for small business #smallbusiness,1,Positive,2989,192,72,15,19,9.97
2286,2026-04-17,Facebook,fintech,text,fast mobile money growth for fintech #fintech,2,Positive,598,48,11,3,1,10.54
2287,2026-06-21,X,ecommerce,short,brand awareness post for ecommerce #ecommerce,0,Neutral,1032,66,23,5,16,10.66
2288,2026-08-11,TikTok,fintech,text,fast mobile money growth for fintech #fintech,2,Positive,1159,93,22,8,18,12.17
2289,2026-06-25,LinkedIn,small business,short,clear financial education for small business #smallbusiness,1,Positive,1473,82,14,36,10,9.64
2290,2026-02-23,X,marketing,video,brand awareness post for marketing #marketing,0,Neutral,1283,53,18,29,21,9.43
2291,2026-06-16,LinkedIn,small business,image,simple dashboard insights for small business #smallbusiness,1,Positive,635,59,4,9,8,12.6
2292,2026-04-08,TikTok,mobile money,video,brand awareness post for mobile money #mobilemoney,0,Neutral,2465,195,51,56,27,13.35
2293,2026-04-11,LinkedIn,ecommerce,short,trusted customer service for ecommerce #ecommerce,1,Positive,1405,72,34,33,9,10.53
2294,2026-02-26,TikTok,fintech,image,new campaign update for fintech #fintech,0,Neutral,1779,128,38,8,16,10.68
2295,2026-04-27,Facebook,ecommerce,image,risky payment delay for ecommerce #ecommerce,-1,Negative,603,30,12,2,8,8.62
2296,2026-04-26,LinkedIn,fintech,video,simple dashboard insights for fintech #fintech,1,Positive,1527,71,31,8,9,7.79
2297,2026-05-10,LinkedIn,fintech,carousel,weekly market note for fintech #fintech,0,Neutral,1139,68,13,27,3,9.75
2298,2026-03-28,Facebook,ecommerce,video,product feature overview for ecommerce #ecommerce,0,Neutral,1432,52,29,29,25,9.43
2299,2026-04-01,X,small business,carousel,brand awareness post for small business #smallbusiness,0,Neutral,623,39,10,10,8,10.75
2300,2026-08-25,LinkedIn,ecommerce,carousel,expensive campaign loss for ecommerce #ecommerce,-2,Negative,975,33,6,9,1,5.03
2301,2026-01-05,Facebook,ecommerce,short,clear financial education for ecommerce #ecommerce,1,Positive,1336,122,18,13,9,12.13
2302,2026-04-05,X,small business,video,simple dashboard insights for small business #smallbusiness,1,Positive,1251,59,5,16,8,7.03
2303,2026-08-11,Instagram,ecommerce,carousel,slow support problem for ecommerce #ecommerce,-2,Negative,1320,91,28,21,14,11.67
2304,2026-03-17,LinkedIn,data analytics,image,expensive campaign loss for data analytics #dataanalytics,-2,Negative,654,37,8,11,4,9.17
2305,2026-03-25,LinkedIn,marketing,short,product feature overview for marketing #marketing,0,Neutral,1319,81,17,33,4,10.24
2306,2026-05-17,Instagram,mobile money,text,new campaign update for mobile money #mobilemoney,0,Neutral,810,64,17,4,3,10.86
2307,2026-08-27,Facebook,data analytics,image,weekly market note for data analytics #dataanalytics,0,Neutral,627,24,9,3,3,6.22
2308,2026-03-04,X,data analytics,carousel,brand awareness post for data analytics #dataanalytics,0,Neutral,968,75,5,17,10,11.05
2309,2026-06-09,X,small business,image,simple dashboard insights for small business #smallbusiness,1,Positive,1124,43,22,3,4,6.41
2310,2026-01-09,Instagram,personal finance,text,brand awareness post for personal finance #personalfinance,0,Neutral,793,20,3,9,7,4.92
2311,2026-08-02,LinkedIn,ecommerce,video,slow support problem for ecommerce #ecommerce,-2,Negative,1044,28,23,13,15,7.57
2312,2026-07-12,TikTok,mobile money,carousel,slow support problem for mobile money #mobilemoney,-2,Negative,1552,114,15,21,13,10.5
2313,2026-05-01,Facebook,ecommerce,carousel,trusted customer service for ecommerce #ecommerce,1,Positive,1061,91,15,13,3,11.5
2314,2026-06-16,X,small business,video,brand awareness post for small business #smallbusiness,0,Neutral,851,44,13,24,8,10.46
2315,2026-02-15,Instagram,personal finance,image,simple dashboard insights for personal finance #personalfinance,1,Positive,1173,54,12,9,16,7.76
2316,2026-05-20,Facebook,ecommerce,image,clear financial education for ecommerce #ecommerce,1,Positive,667,34,5,3,6,7.2
2317,2026-01-12,X,personal finance,short,fast mobile money growth for personal finance #personalfinance,2,Positive,945,62,15,13,11,10.69
2318,2026-08-13,Facebook,ecommerce,short,simple dashboard insights for ecommerce #ecommerce,1,Positive,1125,100,8,20,18,12.98
2319,2026-06-16,Facebook,personal finance,carousel,slow support problem for personal finance #personalfinance,-2,Negative,806,21,8,12,8,6.08
2320,2026-08-07,TikTok,small business,image,clear financial education for small business #smallbusiness,1,Positive,1824,179,38,33,14,14.47
2321,2026-05-09,Instagram,data analytics,short,new campaign update for data analytics #dataanalytics,0,Neutral,1974,64,27,42,11,7.29
2322,2026-08-22,Facebook,data analytics,video,brand awareness post for data analytics #dataanalytics,0,Neutral,763,21,18,20,1,7.86
2323,2026-08-26,Facebook,marketing,text,smart data analytics for marketing #marketing,1,Positive,715,58,16,2,10,12.03
2324,2026-05-24,TikTok,ecommerce,short,customer feedback summary for ecommerce #ecommerce,0,Neutral,2219,195,37,37,19,12.98
2325,2026-02-21,TikTok,marketing,image,weak engagement result for marketing #marketing,-1,Negative,1078,78,25,14,10,11.78
2326,2026-01-17,X,fintech,text,risky payment delay for fintech #fintech,-1,Negative,495,33,4,6,3,9.29
2327,2026-04-19,LinkedIn,data analytics,text,weekly market note for data analytics #dataanalytics,0,Neutral,802,71,11,3,10,11.85
2328,2026-02-02,LinkedIn,fintech,video,customer feedback summary for fintech #fintech,0,Neutral,1657,96,10,49,13,10.14
2329,2026-06-08,LinkedIn,small business,video,product feature overview for small business #smallbusiness,0,Neutral,1464,65,33,35,25,10.79
2330,2026-06-28,Facebook,ecommerce,video,brand awareness post for ecommerce #ecommerce,0,Neutral,886,37,15,10,6,7.67
2331,2026-05-03,Instagram,small business,video,simple dashboard insights for small business #smallbusiness,1,Positive,2262,224,29,15,35,13.4
2332,2026-08-10,Instagram,marketing,video,weekly market note for marketing #marketing,0,Neutral,2037,75,47,44,24,9.33
2333,2026-07-25,Instagram,marketing,carousel,expensive campaign loss for marketing #marketing,-2,Negative,1150,37,26,7,18,7.65
2334,2026-04-15,Facebook,ecommerce,short,slow support problem for ecommerce #ecommerce,-2,Negative,1131,59,6,29,5,8.75
2335,2026-07-30,Facebook,data analytics,image,brand awareness post for data analytics #dataanalytics,0,Neutral,840,35,10,11,10,7.86
2336,2026-07-23,TikTok,marketing,image,product feature overview for marketing #marketing,0,Neutral,1292,95,9,23,10,10.6
2337,2026-02-19,Instagram,mobile money,image,weekly market note for mobile money #mobilemoney,0,Neutral,1399,62,17,23,22,8.86
2338,2026-09-02,Instagram,ecommerce,text,product feature overview for ecommerce #ecommerce,0,Neutral,972,36,8,8,14,6.79
2339,2026-02-14,X,small business,video,clear financial education for small business #smallbusiness,1,Positive,1193,92,17,5,17,10.98
2340,2026-02-27,LinkedIn,ecommerce,short,fast mobile money growth for ecommerce #ecommerce,2,Positive,1514,160,20,34,3,14.33
2341,2026-06-28,LinkedIn,personal finance,carousel,weekly market note for personal finance #personalfinance,0,Neutral,993,26,22,19,17,8.46
2342,2026-07-15,Instagram,data analytics,text,clear financial education for data analytics #dataanalytics,1,Positive,1094,38,20,7,3,6.22
2343,2026-08-12,LinkedIn,ecommerce,carousel,new campaign update for ecommerce #ecommerce,0,Neutral,1269,91,6,30,11,10.87
2344,2026-05-06,X,ecommerce,video,risky payment delay for ecommerce #ecommerce,-1,Negative,833,22,20,11,8,7.32
2345,2026-08-09,X,fintech,carousel,smart data analytics for fintech #fintech,1,Positive,779,59,4,11,12,11.04
2346,2026-06-09,Facebook,fintech,video,weak engagement result for fintech #fintech,-1,Negative,770,41,5,14,6,8.57
2347,2026-06-10,LinkedIn,ecommerce,short,product feature overview for ecommerce #ecommerce,0,Neutral,1142,55,25,30,15,10.95
2348,2026-02-04,X,small business,text,trusted customer service for small business #smallbusiness,1,Positive,649,27,13,5,10,8.47
2349,2026-02-22,Facebook,mobile money,short,weekly market note for mobile money #mobilemoney,0,Neutral,1289,114,31,25,10,13.96
2350,2026-01-26,TikTok,ecommerce,carousel,trusted customer service for ecommerce #ecommerce,1,Positive,2169,116,24,9,21,7.84
2351,2026-04-23,LinkedIn,data analytics,image,brand awareness post for data analytics #dataanalytics,0,Neutral,1087,77,10,15,2,9.57
2352,2026-03-15,X,ecommerce,text,slow support problem for ecommerce #ecommerce,-2,Negative,332,20,6,2,3,9.34
2353,2026-04-05,Facebook,data analytics,carousel,trusted customer service for data analytics #dataanalytics,1,Positive,1158,90,7,17,3,10.1
2354,2026-06-01,LinkedIn,small business,text,weak engagement result for small business #smallbusiness,-1,Negative,674,23,6,9,9,6.97
2355,2026-09-12,TikTok,marketing,image,trusted customer service for marketing #marketing,1,Positive,1744,170,30,27,8,13.47
2356,2026-06-03,X,data analytics,video,weekly market note for data analytics #dataanalytics,0,Neutral,1115,72,7,19,7,9.42
2357,2026-05-31,Instagram,fintech,video,brand awareness post for fintech #fintech,0,Neutral,2118,158,27,23,11,10.34
2358,2026-07-01,TikTok,ecommerce,image,risky payment delay for ecommerce #ecommerce,-1,Negative,1146,55,11,10,5,7.07
2359,2026-04-23,LinkedIn,marketing,text,new campaign update for marketing #marketing,0,Neutral,582,33,2,5,5,7.73
2360,2026-06-17,LinkedIn,marketing,image,customer feedback summary for marketing #marketing,0,Neutral,948,44,22,18,16,10.55
2361,2026-09-01,TikTok,mobile money,carousel,smart data analytics for mobile money #mobilemoney,1,Positive,2364,196,10,47,20,11.55
2362,2026-01-08,Instagram,data analytics,video,expensive campaign loss for data analytics #dataanalytics,-2,Negative,1552,36,26,34,25,7.8
2363,2026-05-12,X,marketing,text,confusing user journey for marketing #marketing,-1,Negative,501,34,8,5,5,10.38
2364,2026-03-19,Facebook,fintech,carousel,clear financial education for fintech #fintech,1,Positive,1310,135,29,13,10,14.27
2365,2026-04-04,LinkedIn,marketing,text,brand awareness post for marketing #marketing,0,Neutral,783,56,12,10,11,11.37
2366,2026-01-18,LinkedIn,mobile money,image,fast mobile money growth for mobile money #mobilemoney,2,Positive,1216,44,22,18,17,8.31
2367,2026-03-15,X,personal finance,text,confusing user journey for personal finance #personalfinance,-1,Negative,324,7,7,2,5,6.48
2368,2026-06-30,X,mobile money,text,customer feedback summary for mobile money #mobilemoney,0,Neutral,762,22,10,5,5,5.51
2369,2026-03-15,Facebook,fintech,carousel,customer feedback summary for fintech #fintech,0,Neutral,844,26,9,8,7,5.92
2370,2026-09-18,Instagram,personal finance,video,brand awareness post for personal finance #personalfinance,0,Neutral,1677,113,38,22,5,10.61
2371,2026-07-05,Instagram,mobile money,video,clear financial education for mobile money #mobilemoney,1,Positive,2285,77,15,26,10,5.6
2372,2026-07-02,X,mobile money,text,clear financial education for mobile money #mobilemoney,1,Positive,337,34,3,4,3,13.06
2373,2026-06-12,X,data analytics,carousel,confusing user journey for data analytics #dataanalytics,-1,Negative,534,29,12,11,4,10.49
2374,2026-07-07,X,personal finance,text,weekly market note for personal finance #personalfinance,0,Neutral,655,33,11,9,8,9.31
2375,2026-01-27,Facebook,small business,video,smart data analytics for small business #smallbusiness,1,Positive,1585,117,14,36,23,11.99
2376,2026-08-21,LinkedIn,marketing,text,trusted customer service for marketing #marketing,1,Positive,677,45,15,3,5,10.04
2377,2026-06-04,LinkedIn,small business,short,brand awareness post for small business #smallbusiness,0,Neutral,928,34,14,20,10,8.41
2378,2026-01-12,TikTok,marketing,text,product feature overview for marketing #marketing,0,Neutral,1085,44,6,10,4,5.9
2379,2026-05-25,Instagram,personal finance,text,simple dashboard insights for personal finance #personalfinance,1,Positive,1244,106,26,14,3,11.98
2380,2026-04-18,Instagram,small business,text,product feature overview for small business #smallbusiness,0,Neutral,926,23,12,12,3,5.4
2381,2026-08-30,Facebook,ecommerce,video,smart data analytics for ecommerce #ecommerce,1,Positive,1418,108,5,38,9,11.28
2382,2026-07-22,TikTok,personal finance,carousel,slow support problem for personal finance #personalfinance,-2,Negative,1476,30,30,14,8,5.56
2383,2026-05-29,X,ecommerce,video,simple dashboard insights for ecommerce #ecommerce,1,Positive,1333,131,12,36,11,14.25
2384,2026-06-19,Instagram,fintech,carousel,clear financial education for fintech #fintech,1,Positive,1860,78,10,34,27,8.01
2385,2026-02-19,TikTok,data analytics,video,brand awareness post for data analytics #dataanalytics,0,Neutral,2245,114,45,14,27,8.91
2386,2026-05-22,X,fintech,carousel,product feature overview for fintech #fintech,0,Neutral,1045,26,23,18,12,7.56
2387,2026-05-03,LinkedIn,personal finance,image,brand awareness post for personal finance #personalfinance,0,Neutral,794,47,14,14,7,10.33
2388,2026-05-22,X,fintech,short,simple dashboard insights for fintech #fintech,1,Positive,1052,66,6,17,16,9.98
2389,2026-07-20,X,data analytics,text,fast mobile money growth for data analytics #dataanalytics,2,Positive,805,61,16,2,2,10.06
2390,2026-06-11,X,fintech,short,brand awareness post for fintech #fintech,0,Neutral,998,48,23,22,10,10.32
2391,2026-04-09,X,fintech,text,trusted customer service for fintech #fintech,1,Positive,721,56,7,1,3,9.29
2392,2026-05-10,X,mobile money,text,smart data analytics for mobile money #mobilemoney,1,Positive,768,38,12,6,2,7.55
2393,2026-04-04,TikTok,mobile money,text,customer feedback summary for mobile money #mobilemoney,0,Neutral,1324,33,16,8,17,5.59
2394,2026-04-21,Facebook,mobile money,carousel,weekly market note for mobile money #mobilemoney,0,Neutral,1006,66,14,14,2,9.54
2395,2026-06-02,TikTok,mobile money,video,fast mobile money growth for mobile money #mobilemoney,2,Positive,2975,117,70,24,36,8.3
2396,2026-03-11,LinkedIn,ecommerce,short,slow support problem for ecommerce #ecommerce,-2,Negative,1106,40,9,25,2,6.87
2397,2026-07-30,Facebook,fintech,text,weak engagement result for fintech #fintech,-1,Negative,344,11,3,3,3,5.81
2398,2026-01-22,Facebook,ecommerce,short,clear financial education for ecommerce #ecommerce,1,Positive,1399,99,5,7,4,8.22
2399,2026-08-16,Instagram,ecommerce,text,trusted customer service for ecommerce #ecommerce,1,Positive,1078,112,18,2,7,12.89
2400,2026-09-10,Facebook,marketing,image,risky payment delay for marketing #marketing,-1,Negative,658,33,13,2,10,8.81
2401,2026-01-24,LinkedIn,fintech,video,smart data analytics for fintech #fintech,1,Positive,1658,174,37,12,20,14.66
2402,2026-01-29,TikTok,ecommerce,video,weak engagement result for ecommerce #ecommerce,-1,Negative,2033,134,20,31,19,10.03
2403,2026-06-03,LinkedIn,ecommerce,text,confusing user journey for ecommerce #ecommerce,-1,Negative,594,21,5,3,2,5.22
2404,2026-03-03,Facebook,mobile money,text,trusted customer service for mobile money #mobilemoney,1,Positive,662,35,7,9,2,8.01
2405,2026-06-26,TikTok,mobile money,carousel,smart data analytics for mobile money #mobilemoney,1,Positive,2168,127,39,33,10,9.64
2406,2026-08-23,Facebook,data analytics,carousel,expensive campaign loss for data analytics #dataanalytics,-2,Negative,1054,45,18,6,7,7.21
2407,2026-06-26,TikTok,fintech,video,trusted customer service for fintech #fintech,1,Positive,2625,195,44,13,36,10.97
2408,2026-05-03,X,mobile money,short,weak engagement result for mobile money #mobilemoney,-1,Negative,1140,44,13,19,15,7.98
2409,2026-07-20,Facebook,ecommerce,text,smart data analytics for ecommerce #ecommerce,1,Positive,813,35,3,5,4,5.78
2410,2026-06-13,TikTok,data analytics,short,weekly market note for data analytics #dataanalytics,0,Neutral,2005,176,35,24,32,13.32
2411,2026-07-20,Facebook,personal finance,carousel,expensive campaign loss for personal finance #personalfinance,-2,Negative,717,46,14,16,4,11.16
2412,2026-05-29,Facebook,fintech,video,risky payment delay for fintech #fintech,-1,Negative,1041,25,4,20,3,5.0
2413,2026-04-30,TikTok,marketing,video,new campaign update for marketing #marketing,0,Neutral,2285,146,50,50,17,11.51
2414,2026-05-01,TikTok,small business,carousel,trusted customer service for small business #smallbusiness,1,Positive,2336,167,51,50,14,12.07
2415,2026-04-25,Instagram,personal finance,image,simple dashboard insights for personal finance #personalfinance,1,Positive,1627,163,18,21,16,13.4
2416,2026-01-06,TikTok,data analytics,video,simple dashboard insights for data analytics #dataanalytics,1,Positive,2711,92,30,73,36,8.52
2417,2026-01-10,Facebook,data analytics,short,smart data analytics for data analytics #dataanalytics,1,Positive,1399,122,12,25,24,13.08
2418,2026-07-29,X,personal finance,image,customer feedback summary for personal finance #personalfinance,0,Neutral,768,29,16,3,10,7.55
2419,2026-01-14,Facebook,marketing,video,customer feedback summary for marketing #marketing,0,Neutral,1205,40,16,32,11,8.22
2420,2026-05-24,Facebook,fintech,short,new campaign update for fintech #fintech,0,Neutral,1171,70,20,7,4,8.63
2421,2026-04-30,Facebook,ecommerce,image,clear financial education for ecommerce #ecommerce,1,Positive,736,72,4,4,1,11.01
2422,2026-06-27,LinkedIn,fintech,carousel,brand awareness post for fintech #fintech,0,Neutral,1324,73,6,19,12,8.31
2423,2026-05-16,Facebook,fintech,video,brand awareness post for fintech #fintech,0,Neutral,778,61,17,17,13,13.88
2424,2026-07-21,TikTok,marketing,carousel,brand awareness post for marketing #marketing,0,Neutral,1976,134,27,15,35,10.68
2425,2026-02-07,Facebook,fintech,text,brand awareness post for fintech #fintech,0,Neutral,539,15,10,7,6,7.05
2426,2026-07-02,LinkedIn,ecommerce,image,expensive campaign loss for ecommerce #ecommerce,-2,Negative,740,48,4,4,5,8.24
2427,2026-01-12,LinkedIn,marketing,video,clear financial education for marketing #marketing,1,Positive,1639,107,30,36,29,12.32
2428,2026-08-23,Facebook,data analytics,video,risky payment delay for data analytics #dataanalytics,-1,Negative,1088,77,14,7,6,9.56
2429,2026-04-25,Facebook,data analytics,carousel,smart data analytics for data analytics #dataanalytics,1,Positive,1039,97,25,12,13,14.15
2430,2026-08-10,X,data analytics,image,trusted customer service for data analytics #dataanalytics,1,Positive,727,67,6,6,3,11.28
2431,2026-04-09,X,data analytics,video,confusing user journey for data analytics #dataanalytics,-1,Negative,769,41,11,20,12,10.92
2432,2026-08-10,TikTok,data analytics,text,trusted customer service for data analytics #dataanalytics,1,Positive,1502,123,31,21,21,13.05
2433,2026-04-01,X,fintech,image,customer feedback summary for fintech #fintech,0,Neutral,918,75,12,16,11,12.42
2434,2026-08-25,Instagram,ecommerce,short,customer feedback summary for ecommerce #ecommerce,0,Neutral,1864,59,14,17,16,5.69
2435,2026-01-10,Facebook,fintech,image,trusted customer service for fintech #fintech,1,Positive,1151,120,6,8,16,13.03
2436,2026-04-02,X,mobile money,video,weak engagement result for mobile money #mobilemoney,-1,Negative,957,27,4,21,13,6.79
2437,2026-06-19,X,personal finance,video,trusted customer service for personal finance #personalfinance,1,Positive,1046,51,20,18,9,9.37
2438,2026-06-29,Instagram,ecommerce,video,clear financial education for ecommerce #ecommerce,1,Positive,2049,190,47,39,5,13.71
2439,2026-06-19,TikTok,data analytics,image,slow support problem for data analytics #dataanalytics,-2,Negative,1350,81,32,17,20,11.11
2440,2026-01-08,X,fintech,video,slow support problem for fintech #fintech,-2,Negative,784,45,3,8,4,7.65
2441,2026-05-20,Facebook,marketing,carousel,expensive campaign loss for marketing #marketing,-2,Negative,1081,30,26,20,14,8.33
2442,2026-03-21,Instagram,data analytics,carousel,customer feedback summary for data analytics #dataanalytics,0,Neutral,1631,83,35,26,19,9.99
2443,2026-05-19,Instagram,data analytics,carousel,new campaign update for data analytics #dataanalytics,0,Neutral,1326,60,8,20,3,6.86
2444,2026-06-05,LinkedIn,mobile money,carousel,brand awareness post for mobile money #mobilemoney,0,Neutral,1069,39,12,12,17,7.48
2445,2026-07-20,LinkedIn,fintech,carousel,new campaign update for fintech #fintech,0,Neutral,1135,86,5,13,9,9.96
2446,2026-04-06,X,small business,carousel,expensive campaign loss for small business #smallbusiness,-2,Negative,615,16,11,13,7,7.64
2447,2026-06-08,Facebook,marketing,short,slow support problem for marketing #marketing,-2,Negative,715,28,11,16,1,7.83
2448,2026-01-15,Instagram,small business,image,simple dashboard insights for small business #smallbusiness,1,Positive,1583,47,39,12,14,7.08
2449,2026-04-17,LinkedIn,ecommerce,carousel,weekly market note for ecommerce #ecommerce,0,Neutral,862,64,10,12,15,11.72
2450,2026-08-18,Instagram,small business,video,trusted customer service for small business #smallbusiness,1,Positive,2436,139,19,18,29,8.42
2451,2026-09-04,TikTok,fintech,video,weekly market note for fintech #fintech,0,Neutral,2295,139,30,63,35,11.63
2452,2026-04-26,X,data analytics,text,smart data analytics for data analytics #dataanalytics,1,Positive,536,33,4,3,3,8.02
2453,2026-01-12,Instagram,marketing,image,product feature overview for marketing #marketing,0,Neutral,1400,44,27,4,20,6.79
2454,2026-04-28,LinkedIn,mobile money,video,confusing user journey for mobile money #mobilemoney,-1,Negative,1077,30,10,8,11,5.48
2455,2026-05-02,Instagram,mobile money,video,trusted customer service for mobile money #mobilemoney,1,Positive,2300,125,31,60,30,10.7
2456,2026-05-25,Instagram,marketing,carousel,clear financial education for marketing #marketing,1,Positive,1961,62,12,45,19,7.04
2457,2026-06-05,Facebook,personal finance,carousel,fast mobile money growth for personal finance #personalfinance,2,Positive,1109,100,10,25,12,13.26
2458,2026-05-15,Facebook,mobile money,text,brand awareness post for mobile money #mobilemoney,0,Neutral,246,15,2,3,1,8.54
2459,2026-07-09,Facebook,mobile money,video,risky payment delay for mobile money #mobilemoney,-1,Negative,1014,71,10,14,10,10.36
2460,2026-08-04,Instagram,personal finance,image,clear financial education for personal finance #personalfinance,1,Positive,1325,47,19,14,7,6.57
2461,2026-03-16,TikTok,ecommerce,text,weak engagement result for ecommerce #ecommerce,-1,Negative,955,33,4,8,6,5.34
2462,2026-05-29,Facebook,data analytics,image,brand awareness post for data analytics #dataanalytics,0,Neutral,757,50,6,14,5,9.91
2463,2026-06-29,Facebook,marketing,text,slow support problem for marketing #marketing,-2,Negative,409,15,8,5,2,7.33
2464,2026-01-18,LinkedIn,data analytics,short,expensive campaign loss for data analytics #dataanalytics,-2,Negative,921,65,14,24,10,12.27
2465,2026-08-27,Facebook,ecommerce,image,fast mobile money growth for ecommerce #ecommerce,2,Positive,845,58,18,14,3,11.01
2466,2026-05-29,Instagram,fintech,image,fast mobile money growth for fintech #fintech,2,Positive,1416,43,6,7,7,4.45
2467,2026-05-07,TikTok,marketing,video,weak engagement result for marketing #marketing,-1,Negative,1976,77,10,34,5,6.38
2468,2026-09-10,LinkedIn,mobile money,carousel,weekly market note for mobile money #mobilemoney,0,Neutral,1000,35,14,15,13,7.7
2469,2026-03-16,LinkedIn,data analytics,short,simple dashboard insights for data analytics #dataanalytics,1,Positive,1186,93,24,10,4,11.05
2470,2026-07-08,X,data analytics,short,simple dashboard insights for data analytics #dataanalytics,1,Positive,1038,51,22,5,13,8.77
2471,2026-03-26,Instagram,mobile money,video,expensive campaign loss for mobile money #mobilemoney,-2,Negative,1690,98,38,9,16,9.53
2472,2026-04-11,LinkedIn,fintech,short,trusted customer service for fintech #fintech,1,Positive,1699,71,32,42,17,9.54
2473,2026-05-28,X,data analytics,short,new campaign update for data analytics #dataanalytics,0,Neutral,930,40,21,21,9,9.78
2474,2026-02-24,Instagram,ecommerce,carousel,fast mobile money growth for ecommerce #ecommerce,2,Positive,1648,104,34,37,14,11.47
2475,2026-07-27,LinkedIn,fintech,carousel,expensive campaign loss for fintech #fintech,-2,Negative,609,25,11,12,7,9.03
2476,2026-03-06,Instagram,ecommerce,video,weak engagement result for ecommerce #ecommerce,-1,Negative,1404,94,6,15,21,9.69
2477,2026-02-15,X,fintech,text,product feature overview for fintech #fintech,0,Neutral,602,23,11,1,5,6.64
2478,2026-06-10,LinkedIn,small business,image,confusing user journey for small business #smallbusiness,-1,Negative,728,48,9,3,7,9.2
2479,2026-03-30,Facebook,ecommerce,carousel,new campaign update for ecommerce #ecommerce,0,Neutral,719,50,5,5,10,9.74
2480,2026-03-24,X,marketing,carousel,simple dashboard insights for marketing #marketing,1,Positive,837,76,15,13,7,13.26
2481,2026-07-19,X,fintech,video,slow support problem for fintech #fintech,-2,Negative,1013,71,11,4,4,8.88
2482,2026-02-15,Instagram,mobile money,video,brand awareness post for mobile money #mobilemoney,0,Neutral,1798,58,10,25,24,6.51
2483,2026-02-23,Facebook,personal finance,image,weekly market note for personal finance #personalfinance,0,Neutral,950,75,15,3,5,10.32
2484,2026-07-20,Facebook,marketing,image,simple dashboard insights for marketing #marketing,1,Positive,1107,101,15,8,15,12.56
2485,2026-04-22,Facebook,personal finance,short,new campaign update for personal finance #personalfinance,0,Neutral,1318,110,20,18,7,11.76
2486,2026-07-15,Facebook,small business,text,new campaign update for small business #smallbusiness,0,Neutral,332,23,5,1,2,9.34
2487,2026-07-14,Instagram,marketing,image,smart data analytics for marketing #marketing,1,Positive,1545,80,14,14,24,8.54
2488,2026-01-18,Facebook,mobile money,image,risky payment delay for mobile money #mobilemoney,-1,Negative,496,21,9,3,6,7.86
2489,2026-07-27,Instagram,personal finance,carousel,clear financial education for personal finance #personalfinance,1,Positive,1398,83,12,16,9,8.58
2490,2026-01-28,X,fintech,video,new campaign update for fintech #fintech,0,Neutral,1398,39,6,28,22,6.8
2491,2026-05-02,Facebook,fintech,text,clear financial education for fintech #fintech,1,Positive,931,33,9,8,12,6.66
2492,2026-03-29,TikTok,fintech,short,customer feedback summary for fintech #fintech,0,Neutral,1920,84,26,41,8,8.28
2493,2026-05-16,X,mobile money,text,product feature overview for mobile money #mobilemoney,0,Neutral,428,13,8,2,4,6.31
2494,2026-06-15,TikTok,personal finance,carousel,weak engagement result for personal finance #personalfinance,-1,Negative,1487,88,21,25,8,9.55
2495,2026-08-17,Facebook,ecommerce,image,smart data analytics for ecommerce #ecommerce,1,Positive,840,73,19,14,7,13.45
2496,2026-08-23,X,personal finance,text,product feature overview for personal finance #personalfinance,0,Neutral,675,54,6,7,9,11.26
2497,2026-04-21,Facebook,fintech,text,fast mobile money growth for fintech #fintech,2,Positive,864,57,18,1,8,9.72
2498,2026-06-09,Facebook,fintech,short,new campaign update for fintech #fintech,0,Neutral,1058,71,18,19,15,11.63
2499,2026-05-04,Facebook,ecommerce,image,weekly market note for ecommerce #ecommerce,0,Neutral,658,32,11,9,1,8.05
2500,2026-02-20,TikTok,fintech,text,customer feedback summary for fintech #fintech,0,Neutral,1408,38,16,4,23,5.75
